run_id,setting,algorithm,best_cost,best_checkpoint,normalized_best_cost,ci_low,ci_high
2adm53lr,hard-1-of-4_infinite,DDQN,51.22545574421467,10000,0.016176467847940357,51.14369679112628,51.307214570873235
hhepv6f0,hard-1-of-4_infinite,DDQN,50.80798968476785,40000,0.007895054250502964,50.71461360635561,50.90136563680845
pakk95hm,hard-1-of-4_infinite,DDQN,51.10155184388074,35000,0.01371854481017154,51.05080156740978,51.152302201892596
p9oz3l04,hard-1-of-4_infinite,DDQN,51.04222869699141,49999,0.012541731739563744,50.987597517896894,51.09685994075179
v0xbv39o,hard-1-of-4_infinite,DDQN,50.90775099758409,30000,0.009874052719382798,50.84968488527018,50.96581708292288
yohbhnl5,hard-1-of-4_infinite,DDQN,50.98851339717688,45000,0.011476163403628004,50.929910026972145,51.047116684339194
np215fj9,hard-1-of-4_infinite,DDQN,51.24516193262834,35000,0.01656738608665642,51.20410605700786,51.286218164793894
4mtu9z3p,hard-1-of-4_infinite,DDQN,51.0446637131487,20000,0.012590035968036206,50.98822049329008,51.10110710543429
xao4link,hard-1-of-4_infinite,DDQN,51.145081862099936,49999,0.014582064314618837,51.10378928646323,51.186374476964495
eoyw3jcg,hard-1-of-4_infinite,DDQN,51.0639201769478,49999,0.012972032869426942,51.00689499732239,51.12094529873626
51izci8x,hard-2-of-4_infinite,DDQN,143.72823826993306,49999,0.03707510116121693,143.54973171610018,143.9067448593698
bu12njrh,hard-2-of-4_infinite,DDQN,143.0103645565859,45000,0.031895263414285946,142.78754957367994,143.23317958144094
fgm583ra,hard-2-of-4_infinite,DDQN,142.57065721816267,25000,0.028722542883055535,142.33566058109588,142.8056538486832
wubycnvt,hard-2-of-4_infinite,DDQN,143.88303193007903,30000,0.03819201912171888,143.65917192862543,144.106891941919
zkvxiyla,hard-2-of-4_infinite,DDQN,142.62045015045365,35000,0.029081825171034303,142.39661439460966,142.84428593543797
awz6mwak,hard-2-of-4_infinite,DDQN,143.81354738340858,40000,0.037690651442445766,143.56793835217363,144.05915643878095
m1ab8g6k,hard-2-of-4_infinite,DDQN,141.69944995258388,49999,0.0224363226248927,141.47914634103165,141.91975358404767
m8jkk3c9,hard-2-of-4_infinite,DDQN,143.24120340546528,40000,0.033560887549356266,143.00879751858972,143.47360929903724
jqiag3lo,hard-2-of-4_infinite,DDQN,144.2547439665718,25000,0.04087411766052229,144.00124139171638,144.5082465320202
jd2s8s6w,hard-2-of-4_infinite,DDQN,143.40661302194783,49999,0.03475440523809681,143.2057780595159,143.60744798159126
zv13cjaq,hard-3-of-4_infinite,DDQN,315.85508263149086,45000,0.03923628016810077,315.11089238034225,316.59927285677935
f2rqgqxz,hard-3-of-4_infinite,DDQN,312.60781077504396,40000,0.02855200465582186,311.8555734262833,313.360048075029
zr90ab74,hard-3-of-4_infinite,DDQN,313.4523206448437,35000,0.0313306374653497,312.67782270399607,314.22681861512626
nkvluxwb,hard-3-of-4_infinite,DDQN,315.4078986498678,15000,0.037764941433447774,314.63796896704383,316.1778283405428
6iggo8kq,hard-3-of-4_infinite,DDQN,313.7236937959123,25000,0.032223517901859955,312.97359417264727,314.47379349031655
fjnf4rxh,hard-3-of-4_infinite,DDQN,314.12032378647496,49999,0.033528522312621156,313.3419240184055,314.8987236648526
127e1rmk,hard-3-of-4_infinite,DDQN,314.67490383276044,30000,0.03535321894107346,313.93548117605206,315.414326482792
m5trg4de,hard-3-of-4_infinite,DDQN,314.4767492931403,45000,0.03470124467193192,313.7794534655133,315.1740450813922
fg051n6w,hard-3-of-4_infinite,DDQN,314.86229127440447,40000,0.03596976696740839,314.07269820192084,315.6518843975665
2ssb25np,hard-3-of-4_infinite,DDQN,313.1633368044672,15000,0.030379813787606347,312.3689040639472,313.9577695696282
jh2ckitj,hard-4-of-4_infinite,DDQN,750.3171117076282,35000,0.0037150008128370438,748.7475383561697,751.8866851661693
6c9166ig,hard-4-of-4_infinite,DDQN,752.2730103793798,49999,0.0063314476541453946,750.6318525475841,753.914168190331
v6a5iqha,hard-4-of-4_infinite,DDQN,753.1125749510996,35000,0.0074545508616257194,751.5178495658289,754.707300451261
b1611uyn,hard-4-of-4_infinite,DDQN,751.5813052709033,25000,0.005406139164330082,749.9970531472921,753.1655574172831
56lzxp1s,hard-4-of-4_infinite,DDQN,752.985527083484,20000,0.007284596253690934,751.3919192218218,754.5791348107709
8tcoz278,hard-4-of-4_infinite,DDQN,750.196982927303,40000,0.003554302013675459,748.6212018469012,751.7727638196027
t5os9c4m,hard-4-of-4_infinite,DDQN,752.7715726986927,15000,0.006998384967617399,751.1920129375508,754.3511325043437
27r6oqeb,hard-4-of-4_infinite,DDQN,754.1904755659366,15000,0.008896481212960605,752.5415843230496,755.8393666211643
dumps30s,hard-4-of-4_infinite,DDQN,751.2275436242346,40000,0.004932904759925361,749.6007142603574,752.8543728490175
lydvnlvm,hard-4-of-4_infinite,DDQN,750.9056961114152,49999,0.0045023625644315945,749.321937994444,752.4894542681292
00xyosar,n2_k1_nomob,DDQN,53.5869506075998,45000,0.01663727200910259,53.43726727809047,53.73663396670248
iwo2kfjh,n2_k1_nomob,DDQN,53.34948605625763,25000,0.012132158153246753,53.20611614358961,53.49285592660844
9yecl27c,n2_k1_nomob,DDQN,53.26786107643432,40000,0.010583590901808382,53.12718791921968,53.408534267116835
n5jzu6rf,n2_k1_nomob,DDQN,53.03398323330875,30000,0.006146523113427227,52.88916078405246,53.17880572296277
0h3muctp,n2_k1_nomob,DDQN,53.29112291354471,40000,0.011024908244065879,53.15403393400417,53.42821188842549
9eoi5m7g,n2_k1_nomob,DDQN,52.9647252818516,35000,0.004832579811261617,52.82169588642784,53.10775472419075
71b88nho,n2_k1_nomob,DDQN,52.935117820716854,40000,0.004270874989885209,52.791004372608484,53.07923124226349
yw8tircj,n2_k1_nomob,DDQN,52.95980326989003,45000,0.004739200718839598,52.811652980901044,53.10795352577087
w623afj1,n2_k1_nomob,DDQN,52.90714564833932,40000,0.003740194428748289,52.762734644380764,53.051556714185516
abuetphk,n2_k1_nomob,DDQN,52.974698026233156,40000,0.005021780046161162,52.832573501128294,53.11682252760019
ytnp5p3y,n2_k2_nomob,DDQN,191.47002315394798,15000,0.0014646328466341174,190.9488945949732,191.99115172842156
dlfr3n90,n2_k2_nomob,DDQN,191.55631676008392,49999,0.0019159828447299354,191.04264800602948,192.06998545779192
8rva3788,n2_k2_nomob,DDQN,191.07749726706936,45000,-0.0005884341907559376,190.56121721193122,191.59377727613642
36pqrmyn,n2_k2_nomob,DDQN,191.6338789595698,35000,0.002321664101521126,191.1295990305095,192.13815883570146
5smdmsgl,n2_k2_nomob,DDQN,191.24994756914373,10000,0.00031354971046471114,190.73144116968868,191.76845399655585
1bz4xwmg,n2_k2_nomob,DDQN,191.31039893072716,49999,0.0006297344564420992,190.78689520198307,191.83390266323605
77nt0fft,n2_k2_nomob,DDQN,191.32164355270885,15000,0.0006885483169039031,190.8002397689464,191.8430473178456
9ljytzmf,n2_k2_nomob,DDQN,191.10303708824114,15000,-0.0004548507336098462,190.60287900057713,191.60319523747526
sx76sddp,n2_k2_nomob,DDQN,191.0507495985528,35000,-0.0007283351715423603,190.55069228855734,191.5508069612443
r3t6zeq9,n2_k2_nomob,DDQN,191.24794988722257,20000,0.0003031010367831044,190.71549234290998,191.78040747154316
jwmqrpau,n3_k1_nomob,DDQN,46.40874775777546,40000,0.017289516829799734,46.29839550043886,46.519100016567066
506gaghe,n3_k1_nomob,DDQN,46.632463125646694,20000,0.022193404770861402,46.51373974521253,46.7511865277901
r2iqb28u,n3_k1_nomob,DDQN,46.27409152129515,49999,0.014337823789898119,46.15943830094866,46.38874474705168
jex7gun9,n3_k1_nomob,DDQN,46.82013596135141,40000,0.026307232822257998,46.71131460585002,46.92895728944417
kqnm1leo,n3_k1_nomob,DDQN,46.11721819634138,49999,0.010899127495427097,46.00790816995524,46.22652825096226
76x8sxx3,n3_k1_nomob,DDQN,46.734728357012756,49999,0.024435080162489298,46.63336973427308,46.83608697326171
rh98aml7,n3_k1_nomob,DDQN,46.13254006930089,35000,0.011234986174942785,46.01070196441184,46.25437825764169
kn77n34u,n3_k1_nomob,DDQN,46.82708702728113,15000,0.026459601650178355,46.70992866933322,46.94424538395428
5tkqalli,n3_k1_nomob,DDQN,47.03582450860015,30000,0.031035171166158504,46.95139364803484,47.12025537729093
7o2i1bln,n3_k1_nomob,DDQN,46.13948206228906,45000,0.011387156122075082,46.032219390291395,46.24674475178319
ee6iuoki,n3_k2_nomob,DDQN,145.77179564437398,20000,0.023247196717492535,145.44637870324885,146.0972125948163
65ul9mdn,n3_k2_nomob,DDQN,143.81665591804227,40000,0.009523065548520782,143.51377386650915,144.11953799906854
0pej4mk7,n3_k2_nomob,DDQN,144.33096102843842,40000,0.013133237599595837,144.02346501714786,144.63845706224365
oshz482z,n3_k2_nomob,DDQN,144.96875600751432,45000,0.0176102485435512,144.69008477467258,145.24742725928587
hcyy04tn,n3_k2_nomob,DDQN,144.4610097564079,30000,0.014046116498721561,144.15611968157938,144.76589984482595
ejl51z83,n3_k2_nomob,DDQN,144.6564406736494,30000,0.015417946607113597,144.34121626493712,144.97166507737856
22yad2dw,n3_k2_nomob,DDQN,144.2970266957924,49999,0.01289503506803591,143.99511861116778,144.5989347765504
3za2vm8f,n3_k2_nomob,DDQN,143.70792617517003,40000,0.008759835569072116,143.41900158297992,143.9968507086613
896qq1r3,n3_k2_nomob,DDQN,144.64822811861347,30000,0.015360298460013189,144.36053611433914,144.93592006295273
nj34ry4w,n3_k2_nomob,DDQN,145.4969029331852,35000,0.021317583414187657,145.1878098496835,145.80599600332096
fdwoyqbt,n3_k3_nomob,DDQN,420.6793500439712,30000,0.003912156462321459,419.7009004086282,421.6577995915244
z4fyf90l,n3_k3_nomob,DDQN,420.68279822362797,15000,0.0039203852224798386,419.6526182364262,421.71297810009116
49rfg2l6,n3_k3_nomob,DDQN,419.98338753825396,30000,0.0022513066491360867,418.93843599340425,421.0283390630533
jx67xg48,n3_k3_nomob,DDQN,421.2737988254914,35000,0.005330753210889938,420.2290135017131,422.31858415591023
n6sjtxsm,n3_k3_nomob,DDQN,420.498457828726,49999,0.0034804740089871,419.4813137155804,421.5156019826618
621mtw87,n3_k3_nomob,DDQN,420.68716889630565,25000,0.00393081542646434,419.6536420895953,421.7206956606489
03j5tope,n3_k3_nomob,DDQN,419.4728124858121,35000,0.0010328667569017291,418.42944818861633,420.51617664140076
zjmf9n3v,n3_k3_nomob,DDQN,421.55678866339684,45000,0.006006082148235947,420.5901076750863,422.5234695241629
z2l3u5vb,n3_k3_nomob,DDQN,420.7068594449809,35000,0.003977805090160658,419.72873680197574,421.6849820304217
pe2wmwk7,n3_k3_nomob,DDQN,422.06463127224686,30000,0.007218001317885747,421.08233559208367,423.04692704417727
wh67uzv9,n4_k1_nomob_fpf1.5,DDQN,34.55991980534095,10000,0.03010193160479724,34.49314382225165,34.6266958094584
2zv2e5oq,n4_k1_nomob_fpf1.5,DDQN,33.9936328055115,40000,0.013223034441475656,33.91139467486677,34.0758708941907
ah09ncnm,n4_k1_nomob_fpf1.5,DDQN,34.66574996911941,25000,0.03325633290966956,34.61626831189332,34.71523154940428
3kyioksx,n4_k1_nomob_fpf1.5,DDQN,34.18851395556025,35000,0.019031712535328094,34.12687396836952,34.250153919384914
fmvuw25j,n4_k1_nomob_fpf1.5,DDQN,34.41066036732933,49999,0.025653066090292942,34.339699800063066,34.481620955647536
yamgh0ve,n4_k1_nomob_fpf1.5,DDQN,33.9479507194669,40000,0.011861422338804939,33.86896000799212,34.02694132583586
0i4i4uhz,n4_k1_nomob_fpf1.5,DDQN,34.00420361298185,49999,0.013538110670099801,33.92501089149167,34.0833963122208
b8foo7is,n4_k1_nomob_fpf1.5,DDQN,34.51058007496268,45000,0.028631298806637506,34.43109922754947,34.5900609159976
h0e8jaaf,n4_k1_nomob_fpf1.5,DDQN,34.028797664632314,45000,0.014271167351186831,33.950464817615604,34.10713050730124
jruhymvk,n4_k1_nomob_fpf1.5,DDQN,34.31375458539374,25000,0.02276466722485071,34.24699186276909,34.38051736309532
6y81x7u3,n4_k2_nomob_fpf1.5,DDQN,103.0071711152569,25000,0.031515833319215814,102.82873920931883,103.18560301770142
u8epagwl,n4_k2_nomob_fpf1.5,DDQN,102.41493218287178,15000,0.0255851410261545,102.23549389516128,102.59437047781694
fdclp7ab,n4_k2_nomob_fpf1.5,DDQN,102.88610974550976,25000,0.03030352238643852,102.69965076033682,103.0725687377253
dgxql4l4,n4_k2_nomob_fpf1.5,DDQN,101.81831288760857,25000,0.0196105836932563,101.65007410614835,101.98655167056215
hrx579gm,n4_k2_nomob_fpf1.5,DDQN,102.5410819289581,30000,0.02684840705946434,102.35186880874625,102.73029502574929
vnrauilt,n4_k2_nomob_fpf1.5,DDQN,103.2766655334037,35000,0.03421455571203391,103.07768408129469,103.47564699002488
eow2opdt,n4_k2_nomob_fpf1.5,DDQN,102.59755680795178,20000,0.027413947606166333,102.41490025532404,102.78021334319432
fjs4mxk1,n4_k2_nomob_fpf1.5,DDQN,101.95320064600509,49999,0.02096135235334562,101.77297277109037,102.13342850759616
y6trqns2,n4_k2_nomob_fpf1.5,DDQN,104.94713673091393,25000,0.05094268707103877,104.79675299046325,105.0975204804535
zlyq2yh0,n4_k2_nomob_fpf1.5,DDQN,103.9823141273911,40000,0.0412809345823264,103.78536551311002,104.17926273037448
bv1394tk,n4_k3_nomob_fpf1.5,DDQN,235.12529626735545,35000,0.0292649985438429,234.67909857905335,235.57149393277223
8l8etemh,n4_k3_nomob_fpf1.5,DDQN,234.43953066770624,30000,0.026263047923770877,233.95331376546602,234.92574761850614
6o6ud69i,n4_k3_nomob_fpf1.5,DDQN,234.98914180297456,45000,0.02866898005154339,234.4800186235052,235.4982650007624
ondofffn,n4_k3_nomob_fpf1.5,DDQN,232.79224501670328,40000,0.019052026863523475,232.3270447808332,233.25744529988577
gxet2dsv,n4_k3_nomob_fpf1.5,DDQN,236.20472665358136,20000,0.03399022348792391,235.7323405544321,236.67711280372217
cjx6a8d2,n4_k3_nomob_fpf1.5,DDQN,236.5555260761908,49999,0.0355258539493557,236.06041461832322,237.0506374728175
qnvld2j0,n4_k3_nomob_fpf1.5,DDQN,234.62217681983947,30000,0.027062584572927095,234.13958923806936,235.10476440199105
zefmja2x,n4_k3_nomob_fpf1.5,DDQN,234.9620559934081,30000,0.028550411457748615,234.4761170447306,235.4479949688955
lo42qy35,n4_k3_nomob_fpf1.5,DDQN,236.28635701350655,40000,0.03434756178211584,235.7743306142398,236.79838339119235
ovggogoi,n4_k3_nomob_fpf1.5,DDQN,235.18675760630407,30000,0.02953404660437786,234.72177300653726,235.65174220197412
5rkdhnsj,n4_k4_nomob_fpf1.5,DDQN,556.069542495629,35000,0.003608826494177597,555.0391790448807,557.09990594337
bnpc6uqo,n4_k4_nomob_fpf1.5,DDQN,555.2333963380496,45000,0.0020997280813788155,554.2069557692475,556.2598369837431
y2n5qk7d,n4_k4_nomob_fpf1.5,DDQN,556.130425692779,45000,0.0037187100777500426,555.0956865636282,557.1651648868723
qpm1d3qu,n4_k4_nomob_fpf1.5,DDQN,559.5183396235469,20000,0.00983330558150941,558.4824117248435,560.5542675715739
65uxohxp,n4_k4_nomob_fpf1.5,DDQN,557.7542272103437,49999,0.006649389445997134,556.7218552681993,558.7865991675308
mqjm0ftz,n4_k4_nomob_fpf1.5,DDQN,556.0090197567637,49999,0.003499593475126961,554.9792650791092,557.0387744146042
yrwt3z6i,n4_k4_nomob_fpf1.5,DDQN,557.7481811082665,20000,0.006638477283134714,556.7051987740654,558.7911635174996
1eynlwc7,n4_k4_nomob_fpf1.5,DDQN,558.1120810879273,25000,0.007295253466037321,557.0608024531634,559.1633595617598
dedrf8j9,n4_k4_nomob_fpf1.5,DDQN,554.8961431101553,20000,0.0014910446516780418,553.8695052425596,555.9227809934023
l38ch8xl,n4_k4_nomob_fpf1.5,DDQN,556.4985023800893,15000,0.004383024491651399,555.4679419151942,557.5290628049597
x0vzt8x7,hard-1-of-4_infinite,JAC,51.7828644193457,35000,0.027233969834272953,51.66831343344963,51.89741539034569
xsmbn29o,hard-1-of-4_infinite,JAC,53.78555690621386,45000,0.06696204931985461,53.698306077597486,53.872807731911784
x5b1c6dc,hard-1-of-4_infinite,JAC,51.236962578480934,45000,0.016404732760978646,51.19647682399539,51.277448706171235
w81fj7yc,hard-1-of-4_infinite,JAC,51.20353017618535,49999,0.01574152303482168,51.148804585793116,51.258255756385225
u6ub6tap,hard-1-of-4_infinite,JAC,53.871037622273704,25000,0.06865775882312453,53.78322346792727,53.958851791510284
sgyza3vk,hard-1-of-4_infinite,JAC,53.77846836207392,49999,0.06682143150315278,53.69067336651027,53.86626337302984
9i3pgfk9,hard-1-of-4_infinite,JAC,51.29709348151979,30000,0.01759756956000369,51.237299703844194,51.35688728292643
q2x73gu7,hard-1-of-4_infinite,JAC,53.85855232421539,40000,0.06841008379717106,53.77013388209957,53.94697077545506
vyzbiolp,hard-1-of-4_infinite,JAC,51.36444817956028,45000,0.01893370719222931,51.30108889357589,51.427807436456455
hjy9oxwt,hard-1-of-4_infinite,JAC,50.894109204488274,40000,0.009603435915260361,50.80740309061052,50.98081532720565
5l34vcis,hard-2-of-4_infinite,JAC,145.37158621045037,40000,0.04893272393715553,145.10783141168287,145.6353410223992
6hkx7a78,hard-2-of-4_infinite,JAC,145.87760178069814,45000,0.05258389335953639,145.58474289653415,146.17046064411525
7u7a04h3,hard-2-of-4_infinite,JAC,143.6996539349697,15000,0.036868850097190986,143.482517075249,143.91679076509826
c3b1lunw,hard-2-of-4_infinite,JAC,144.03606900226015,49999,0.039296262372899626,143.70488757577496,144.36725042898578
3ptabek5,hard-2-of-4_infinite,JAC,143.77320131075209,45000,0.037399533232932214,143.53387566473953,144.0125269356633
r8zk1du0,hard-2-of-4_infinite,JAC,143.6593432637014,45000,0.0365779873273786,143.38100868195326,143.9376778214952
qz9goa7a,hard-2-of-4_infinite,JAC,143.88193730629337,35000,0.03818412083334555,143.59847920342366,144.1653954218968
xvtsp7pp,hard-2-of-4_infinite,JAC,144.94137425478317,45000,0.04582851760432338,144.65556276351347,145.22718571320164
azgiiue7,hard-2-of-4_infinite,JAC,145.20357985374602,40000,0.04772046939711383,144.89559446270104,145.51156521999243
raj6kr9t,hard-2-of-4_infinite,JAC,146.5300055456332,40000,0.05729133087259686,146.28512948250324,146.77488161300153
tqcnngvs,hard-3-of-4_infinite,JAC,312.5055059625435,49999,0.028215398159258775,311.7354602192613,313.2755516505507
c45l0pa9,hard-3-of-4_infinite,JAC,313.914344104089,49999,0.03285080151379938,313.14312754197834,314.68556060240036
khm0zofg,hard-3-of-4_infinite,JAC,314.9481505048306,35000,0.03625226369503043,314.15479670111347,315.74150425607036
de119fab,hard-3-of-4_infinite,JAC,311.94977294440116,49999,0.026386907986711172,311.2030787991528,312.6964672537036
9virne0n,hard-3-of-4_infinite,JAC,314.46744222563353,30000,0.03467062226707962,313.66320505942167,315.2716793415183
sumbntao,hard-3-of-4_infinite,JAC,314.0990060971877,49999,0.03345838218401509,313.31922123193107,314.87879089621225
2qvrsk1t,hard-3-of-4_infinite,JAC,312.8726075594154,49999,0.029423247324763757,312.1115051350784,313.6337099795151
on4oncua,hard-3-of-4_infinite,JAC,313.7050212366367,30000,0.03216208086281935,312.93478288564177,314.4752594680265
tepemkfj,hard-3-of-4_infinite,JAC,316.7497881432759,40000,0.04218006825017562,315.97692627349664,317.52265003845406
5230oxse,hard-3-of-4_infinite,JAC,316.02889315763605,30000,0.03980815700205986,315.2757168976717,316.7820694118376
s9ghzk0v,hard-4-of-4_infinite,JAC,749.8969029106006,15000,0.0031528786561263455,748.3385850326107,751.4552206399968
gwgedsbb,hard-4-of-4_infinite,JAC,750.8569075557842,35000,0.0044370970861549175,749.2941106705125,752.4197045296828
cxd3sgnk,hard-4-of-4_infinite,JAC,751.2743465187172,45000,0.004995513977469113,749.7136143136772,752.835078808271
9ryacvvt,hard-4-of-4_infinite,JAC,750.764759724579,49999,0.004313828991865387,749.1985601434883,752.3309593609063
js2q4etj,hard-4-of-4_infinite,JAC,751.637454232926,45000,0.005481250813235361,750.0680004041269,753.2069079680655
7yv20ewv,hard-4-of-4_infinite,JAC,749.9630039834009,20000,0.0032413034531943996,748.4045925568328,751.5214154814973
8oxfsf35,hard-4-of-4_infinite,JAC,750.0068268640221,40000,0.00329992624344122,748.4428976920923,751.5707560963598
dfljnbhe,hard-4-of-4_infinite,JAC,751.3089887646429,49999,0.005041855639354331,749.7551281618709,752.8628493277532
c4wmqhio,hard-4-of-4_infinite,JAC,750.9805129383693,45000,0.004602446609371258,749.4129929483371,752.5480329678006
i9pcbdhx,hard-4-of-4_infinite,JAC,750.0383019920781,49999,0.0033420311850578255,748.4753896728893,751.6012144506459
2p0fbbf7,n2_k1_nomob,JAC,53.12896201309048,35000,0.00794843508044929,52.984718373734495,53.27320566297816
mfwalu55,n2_k1_nomob,JAC,53.380020956164344,45000,0.012711458094561534,53.233064801364485,53.52697713068431
qjnih0lq,n2_k1_nomob,JAC,53.44231308359301,40000,0.013893247649269691,53.2944680623115,53.5901581450974
a8n96t57,n2_k1_nomob,JAC,54.79561021442433,45000,0.03956763829300569,54.6700381957774,54.92118222607089
ln6xfca4,n2_k1_nomob,JAC,53.48173067472375,49999,0.014641067628984095,53.3308697205514,53.63259164900122
lckr6bec,n2_k1_nomob,JAC,53.22496133680555,35000,0.009769708533590382,53.077801773770844,53.372120907675225
1k91xyab,n2_k1_nomob,JAC,53.699426644927264,49999,0.018771137259101955,53.543351861100234,53.855501445174184
68jdtbeh,n2_k1_nomob,JAC,53.48770011094031,49999,0.014754318173787029,53.33956165788879,53.6358385726143
whdx4mm4,n2_k1_nomob,JAC,53.34592272788333,49999,0.012064555641876806,53.19904334904922,53.49280212935196
dbpk4zyl,n2_k1_nomob,JAC,53.303837318616665,49999,0.011266122531145228,53.15619486378958,53.4514797990484
m94a7q0n,n2_k2_nomob,JAC,200.99558650718228,40000,0.051287130640631284,200.53997338090284,201.45119962340016
9mxe3a0w,n2_k2_nomob,JAC,210.72120941519378,15000,0.10215601974577004,210.3607623178116,211.0816562997421
rsq1ai5v,n2_k2_nomob,JAC,201.52905833693114,45000,0.054077401207861975,201.0624403027503,201.9956764118798
nssc58op,n2_k2_nomob,JAC,190.95253343046983,35000,-0.0012420449266706823,190.43415707967284,191.47090981569767
jmd2t107,n2_k2_nomob,JAC,210.60574934943256,35000,0.10155211752409943,210.23943745125084,210.9720612795231
r785t1ga,n2_k2_nomob,JAC,191.44617942722286,20000,0.0013399206403204023,190.92823616220295,191.96412265058694
m1j3ygkg,n2_k2_nomob,JAC,210.45267842296244,49999,0.10075149549119944,210.08799158541842,210.81736524990873
4zh7dlhb,n2_k2_nomob,JAC,210.44256895939657,25000,0.10069861896227095,210.08328811129482,210.8018496163663
slpba4i3,n2_k2_nomob,JAC,213.23968088265954,49999,0.11532863059082343,212.91093362484088,213.56842848026167
b3l78biu,n2_k2_nomob,JAC,213.3971975579844,15000,0.1161525056644408,213.06838387321883,213.7260115601308
n7kq05eb,n3_k1_nomob,JAC,47.34775476556775,40000,0.03787274803962637,47.223796797121416,47.47171274318848
71550gsy,n3_k1_nomob,JAC,47.57711110413911,40000,0.04290028724548689,47.46195065636348,47.692271532662396
wpr1dlr2,n3_k1_nomob,JAC,46.933901713007856,49999,0.02880100203875191,46.80978973850543,47.05801366256421
2bw3hphb,n3_k1_nomob,JAC,46.31807737574719,45000,0.01530200297560702,46.20281072130438,46.43334402562861
74t198oh,n3_k1_nomob,JAC,46.74488170748599,30000,0.024657643741472723,46.619629311760086,46.870134114944314
ebpcwyip,n3_k1_nomob,JAC,46.793294139642455,40000,0.02571885444196531,46.668494197747854,46.91809408624872
ha84bryl,n3_k1_nomob,JAC,46.95512736588276,35000,0.029266272816369288,46.82937861264013,47.08087613095499
0i3lg396,n3_k1_nomob,JAC,46.7742256460198,45000,0.025300869049097008,46.64232180264403,46.906129481745474
fbga2cw7,n3_k1_nomob,JAC,47.74971172620555,49999,0.046683729202225965,47.64573225154571,47.85369119535751
7atmat10,n3_k1_nomob,JAC,47.28190130889946,49999,0.036429226411649696,47.15594417865254,47.407858419060936
0wxmvzwh,n3_k2_nomob,JAC,145.71743768949554,49999,0.022865630278643412,145.39032120493255,146.04455414868988
0z4upln8,n3_k2_nomob,JAC,146.8388933069575,49999,0.03073770396572706,146.5072778515731,147.1705087426652
nxg0oq4t,n3_k2_nomob,JAC,144.15991978265853,45000,0.011932611137572158,143.85715779409836,144.46268178571276
eejm2glc,n3_k2_nomob,JAC,145.18888076710985,35000,0.019155417430224864,144.87856886473753,145.49919262749575
jdlooyah,n3_k2_nomob,JAC,145.0307774539604,40000,0.01804560897066132,144.7173360204825,145.34421890322358
7tzpyqk7,n3_k2_nomob,JAC,146.6959303697099,30000,0.029734173590550972,146.3618797898515,147.02998094142595
68ec76o3,n3_k2_nomob,JAC,145.74530237713572,30000,0.02306122685059453,145.44007319126237,146.05053156169785
97bavjah,n3_k2_nomob,JAC,144.47838882982862,49999,0.014168109152243424,144.18186623889588,144.77491143764829
0wzti1l0,n3_k2_nomob,JAC,144.87738478451013,30000,0.01696886694166877,144.56509420534832,145.18967535062092
ofjm3nnn,n3_k2_nomob,JAC,145.34990185526686,35000,0.02028570725303136,145.03795104358827,145.66185266708223
83v7fh1v,n3_k3_nomob,JAC,439.08928909063576,40000,0.04784576434382326,438.2563886756516,439.92218953693384
ha0z2sri,n3_k3_nomob,JAC,429.2169357818318,49999,0.02428631104866308,428.24837318284955,430.18549833234823
zvs2v8ta,n3_k3_nomob,JAC,431.51363003618593,49999,0.02976715835286825,430.5602454639255,432.46701454614526
v7ae5119,n3_k3_nomob,JAC,429.1074576068539,35000,0.024025051562748034,428.144953699406,430.06996151665845
l1gvqyv0,n3_k3_nomob,JAC,437.8050090039694,15000,0.04478094932218735,436.8928972125715,438.7171209008318
kq7ut1f9,n3_k3_nomob,JAC,430.7061644669478,40000,0.027840216845522736,429.759327677287,431.65300123521916
vuk2286f,n3_k3_nomob,JAC,438.9418888163758,40000,0.047494007293756635,438.0799791755797,439.803798429706
snorfoyt,n3_k3_nomob,JAC,429.8951221775136,45000,0.025904739827972367,428.898216747787,430.89202763697864
qbdr7ios,n3_k3_nomob,JAC,428.41330017323054,49999,0.02236850938628887,427.4426119628927,429.3839884269693
31y6dzj0,n3_k3_nomob,JAC,435.8851428572124,35000,0.04019936726138873,434.96037795080645,436.80990773583903
np9h3chm,n4_k1_nomob_fpf1.5,JAC,34.87272185270976,49999,0.03942539054276484,34.805871806743134,34.93957188369037
cpxnl7kn,n4_k1_nomob_fpf1.5,JAC,34.73793039139236,40000,0.03540776129336409,34.670013728457555,34.80584705167664
ifol2bfw,n4_k1_nomob_fpf1.5,JAC,34.97814455959666,45000,0.042567647081867666,34.92575162831975,35.03053756151484
a0mfp9um,n4_k1_nomob_fpf1.5,JAC,34.81943937606485,40000,0.037837239226970354,34.75174897896238,34.887129762464085
o83glzh8,n4_k1_nomob_fpf1.5,JAC,34.512635648266084,35000,0.028692567757558463,34.447683333613945,34.57758798368685
qhm2ptec,n4_k1_nomob_fpf1.5,JAC,34.74960613178708,45000,0.035755771439257344,34.68144045050677,34.81777181094114
7492s8t6,n4_k1_nomob_fpf1.5,JAC,35.03473422835341,25000,0.04425437342335048,34.979846658765524,35.08962181861713
2m4448mo,n4_k1_nomob_fpf1.5,JAC,34.80329381356557,45000,0.03735600040433895,34.728982754735036,34.87760486470314
4vyf57ui,n4_k1_nomob_fpf1.5,JAC,34.791255628462345,45000,0.036997187137476795,34.72302429932846,34.85948694010483
uumig6vg,n4_k1_nomob_fpf1.5,JAC,34.71777937549748,49999,0.03480713488815157,34.64948745087751,34.78607129279009
oeh0xmte,n4_k2_nomob_fpf1.5,JAC,104.8409395300231,25000,0.04987922621693475,104.64730620760517,105.03457284852428
atuso0e4,n4_k2_nomob_fpf1.5,JAC,104.91908766439902,45000,0.050661803168426056,104.71895727995391,105.11921805284027
izt2fixz,n4_k2_nomob_fpf1.5,JAC,105.07978604623361,45000,0.052271039918221573,104.88455189006326,105.27502019558433
fw4m3wdy,n4_k2_nomob_fpf1.5,JAC,104.86119094920916,49999,0.05008202432614817,104.65463987487917,105.06774201003904
3ctutrfc,n4_k2_nomob_fpf1.5,JAC,104.80409061318066,35000,0.04951022044042319,104.60254621858695,105.00563497667216
0mqt8aa8,n4_k2_nomob_fpf1.5,JAC,105.21855914651718,49999,0.05366071646822723,105.0080956156256,105.42902267775513
ea2uqw06,n4_k2_nomob_fpf1.5,JAC,104.198517498347,40000,0.04344599938260574,104.00325689674158,104.39377812412481
oc8xlt6p,n4_k2_nomob_fpf1.5,JAC,103.67919210392358,49999,0.03824546468980161,103.46923611022692,103.8891481132533
zi4ugzjy,n4_k2_nomob_fpf1.5,JAC,103.28598023866445,45000,0.03430783335333909,103.08355528276932,103.4884052066182
882i8ev1,n4_k2_nomob_fpf1.5,JAC,105.50268786050275,45000,0.056505986986808976,105.30816105731418,105.69721467461179
x5psluky,n4_k3_nomob_fpf1.5,JAC,234.5845155202973,49999,0.026897721591215618,234.1253551727632,235.0436759138915
4n6bi46h,n4_k3_nomob_fpf1.5,JAC,234.96008306219713,45000,0.028541774917690166,234.45670875614667,235.46345736819723
m488tqo6,n4_k3_nomob_fpf1.5,JAC,236.51085338730894,45000,0.035330298491109025,236.0049105847735,237.01679617578557
yma56ndy,n4_k3_nomob_fpf1.5,JAC,233.5851121437487,49999,0.02252281624824337,233.08299681957345,234.08722754085443
k0a9pnxi,n4_k3_nomob_fpf1.5,JAC,236.42975725568053,49999,0.03497529879040684,235.91416892353413,236.9453456101573
qdxl2rqi,n4_k3_nomob_fpf1.5,JAC,237.39568328771205,45000,0.03920365648621971,236.89771750818485,237.89364902059324
443ujhpe,n4_k3_nomob_fpf1.5,JAC,234.75664290630232,49999,0.027651212162065786,234.29546089005063,235.21782488379884
nuv4l2xf,n4_k3_nomob_fpf1.5,JAC,237.58452641851045,35000,0.04003032051527944,237.04495733307175,238.12409552596756
r7b5w3li,n4_k3_nomob_fpf1.5,JAC,235.674281254749,40000,0.03166818969860352,235.1801415244519,236.16842090795168
fsnfnvqi,n4_k3_nomob_fpf1.5,JAC,234.79475775267434,49999,0.02781806055276803,234.29749623676665,235.29201931796663
f88wglqj,n4_k4_nomob_fpf1.5,JAC,570.2180940943736,40000,0.029144501767598863,569.1720759763379,571.2641121407277
cyss2frz,n4_k4_nomob_fpf1.5,JAC,564.9994789668681,45000,0.019725808953504176,563.9354247082538,566.0635333679181
try7zvd6,n4_k4_nomob_fpf1.5,JAC,573.0999669440542,25000,0.03434578111800701,572.1384191099604,574.0615146922247
sv39nk4k,n4_k4_nomob_fpf1.5,JAC,577.0788555213675,45000,0.04152698309124725,576.0428783342628,578.1148326545068
d6m3ma3i,n4_k4_nomob_fpf1.5,JAC,561.3468767389872,40000,0.013133497101426084,560.2858515948517,562.4079020822112
h0s03psn,n4_k4_nomob_fpf1.5,JAC,579.1085885712355,40000,0.04519029828584009,578.0752010251673,580.141976119303
c32qa8vr,n4_k4_nomob_fpf1.5,JAC,559.9236427622421,40000,0.010564807266666865,558.8750886600276,560.9721970025091
gduvl22q,n4_k4_nomob_fpf1.5,JAC,569.3383301653222,45000,0.027556680862205418,568.2988402670925,570.3778199273046
itlw694d,n4_k4_nomob_fpf1.5,JAC,571.9813290120945,45000,0.03232683417635762,570.9601219363101,573.0025359985655
lvyir2b2,n4_k4_nomob_fpf1.5,JAC,560.353754166044,45000,0.011341083556308806,559.2968252256522,561.4106831515757
ugv0n4m4,hard-1-of-4_infinite,DCMAC,53.8581061163365,49999,0.0684012322225056,53.77181204522405,53.944400174815314
1tdxt1if,hard-1-of-4_infinite,DCMAC,53.8724517692926,49999,0.06868581172966892,53.78465608249491,53.96024746486837
c3rsclqm,hard-1-of-4_infinite,DCMAC,54.00138007912499,30000,0.07124340565611975,53.91079338265639,54.091966795947734
09a8uchd,hard-1-of-4_infinite,DCMAC,53.9682433873112,49999,0.0705860620375165,53.879060295150865,54.05742649806203
l6l0a8z5,hard-1-of-4_infinite,DCMAC,54.16051257120503,35000,0.074400170029856,54.069344000929945,54.251681150856854
qxmm92s8,hard-1-of-4_infinite,DCMAC,53.83379113888711,40000,0.06791888789698697,53.7456232734273,53.921959026835154
eoycdc31,hard-1-of-4_infinite,DCMAC,53.893085112368865,49999,0.06909512224496872,53.804306779393485,53.98186346318312
t8lfcnyw,hard-1-of-4_infinite,DCMAC,53.96175881234886,45000,0.07045742535903332,53.87312431585637,54.050393327232925
la0gm1i8,hard-1-of-4_infinite,DCMAC,53.992607546459276,35000,0.07106938199681179,53.90229571855581,54.0829193908497
wjdoo4ix,hard-1-of-4_infinite,DCMAC,53.883789200188396,40000,0.06891071613148969,53.79553125309803,53.97204716231487
xwzgev1l,hard-2-of-4_infinite,DCMAC,144.85905960219785,49999,0.045234573938941036,144.58240712213689,145.1357120803625
s9mpn2qw,hard-2-of-4_infinite,DCMAC,144.84997242353484,49999,0.045169005148530506,144.57291780899777,145.1270270210956
e32sj5k0,hard-2-of-4_infinite,DCMAC,154.03772245135147,45000,0.11146347103940735,153.7127285595463,154.3627163709499
3akn934r,hard-2-of-4_infinite,DCMAC,145.73406444226728,35000,0.051548195701474064,145.46190423611984,146.00622464838636
is1bgf22,hard-2-of-4_infinite,DCMAC,153.01545890594326,49999,0.10408729999237498,152.7476034765712,153.28331428847397
ew3ez1kd,hard-2-of-4_infinite,DCMAC,151.9369598611183,49999,0.09630536013506252,151.67279936587906,152.20112038952257
1388oqxx,hard-2-of-4_infinite,DCMAC,145.09777425367008,35000,0.04695702614669228,144.8428003441627,145.3527481475823
ph1xgzzm,hard-2-of-4_infinite,DCMAC,145.16732608072783,35000,0.047458879289471234,144.905817346618,145.42883481349247
kc5uvbpn,hard-2-of-4_infinite,DCMAC,144.45446271415503,40000,0.042315193839057796,144.2163430853082,144.69258232713685
zfglkt26,hard-2-of-4_infinite,DCMAC,145.66244400284498,45000,0.05103141642863829,145.39148073054727,145.9334072739846
swjmaie8,hard-3-of-4_infinite,DCMAC,311.9874437292888,49999,0.026510853582367044,311.1737959954738,312.80109150116925
w6jwz9eb,hard-3-of-4_infinite,DCMAC,313.40047561560294,49999,0.031160055327223102,312.6312287472858,314.16972248119936
gkqrn0al,hard-3-of-4_infinite,DCMAC,311.88686517933246,45000,0.026179926888864058,311.07022944330083,312.7035009242834
c4mss488,hard-3-of-4_infinite,DCMAC,313.0599126486623,30000,0.030039524392663663,312.2540108413247,313.86581444355687
52xs1cti,hard-3-of-4_infinite,DCMAC,312.65464033355585,45000,0.02870608473515568,311.86951583702046,313.43976494712877
nj9963x6,hard-3-of-4_infinite,DCMAC,313.0352732305842,35000,0.0299584550080092,312.2216149092712,313.8489315862427
dt1fb7wm,hard-3-of-4_infinite,DCMAC,312.9878637831378,35000,0.02980246695995059,312.1689358461855,313.8067917739012
g8h8qmqm,hard-3-of-4_infinite,DCMAC,312.5626673972114,45000,0.02840347250094233,311.7399532402539,313.385381499126
d5a8nyme,hard-3-of-4_infinite,DCMAC,311.3676456719472,40000,0.024471574612401348,310.56527683644845,312.1700145797198
6fwv4gl5,hard-3-of-4_infinite,DCMAC,311.4057078982823,49999,0.0245968081409611,310.60464619027334,312.20676958411025
4tac61qb,hard-4-of-4_infinite,DCMAC,753.0294739226135,45000,0.007343384865844627,751.4460487658123,754.612899248714
qzn6l9qk,hard-4-of-4_infinite,DCMAC,753.127572273768,35000,0.007474613095978855,751.5556508558475,754.6994939720335
lsznixpx,hard-4-of-4_infinite,DCMAC,753.3087743306469,40000,0.007717010903292021,751.7235262088711,754.8940224446933
w7s1ae3i,hard-4-of-4_infinite,DCMAC,751.4731297786565,45000,0.005261430530348221,749.9007961672613,753.0454634537103
287bo946,hard-4-of-4_infinite,DCMAC,749.5730396740566,49999,0.002719639984558153,747.9864102706591,751.1596689151319
ymt40ads,hard-4-of-4_infinite,DCMAC,751.1794300147451,49999,0.004868542171315493,749.6145743369735,752.7442857155166
f2s3no3o,hard-4-of-4_infinite,DCMAC,752.2508890143022,25000,0.006301855438240356,750.6880311034295,753.8137468299201
w21vhhjf,hard-4-of-4_infinite,DCMAC,749.6574525609345,49999,0.0028325608809356417,748.0965660695804,751.2183388272701
cej8xilf,hard-4-of-4_infinite,DCMAC,753.8168636402773,20000,0.008396692672335115,752.2536751266828,755.3800521505389
xdh37q38,hard-4-of-4_infinite,DCMAC,753.8588797501114,30000,0.008452898507252504,752.2529733651122,755.4647863492432
psr84v3n,n2_k1_nomob,DCMAC,54.78211190755725,49999,0.0393115520310614,54.65966343458993,54.904560404521405
6hwt8fjr,n2_k1_nomob,DCMAC,58.76108805625442,35000,0.11479962163260149,58.5905554620143,58.93162065866746
fstdy4sm,n2_k1_nomob,DCMAC,55.26836454068566,49999,0.0485366067290014,55.130904333589264,55.405824751817995
6mvurk9b,n2_k1_nomob,DCMAC,58.729206647024334,49999,0.11419477607710737,58.57226730025821,58.88614595808453
aeh3m6n2,n2_k1_nomob,DCMAC,55.19749427916128,49999,0.04719207511214729,55.03028633627177,55.36470222430944
jwh9dx2l,n2_k1_nomob,DCMAC,55.38745876046856,45000,0.05079603036366076,55.246478744451444,55.528438794363105
cco21hyy,n2_k1_nomob,DCMAC,55.074046296733,49999,0.044850053058869355,54.95251434316938,55.19557827413256
zy741949,n2_k1_nomob,DCMAC,55.18982006413567,49999,0.047046481960456576,55.052681264129426,55.32695884766027
mhavxvn1,n2_k1_nomob,DCMAC,54.64726667187187,49999,0.03675330434209578,54.48414247040402,54.81039087193836
csvoz5f6,n2_k1_nomob,DCMAC,54.7679934573737,35000,0.039043700576241624,54.641182323952826,54.894804595774495
knfyoq0l,n2_k2_nomob,DCMAC,192.0408438700894,35000,0.004450252994871118,191.50844010864972,192.57324763419393
909g7twd,n2_k2_nomob,DCMAC,192.2582394470335,35000,0.005587318620396076,191.7449679149975,192.77151102337226
sdy7prva,n2_k2_nomob,DCMAC,192.01428762837526,40000,0.004311353252655747,191.4847604812652,192.5438147798127
8altvxjy,n2_k2_nomob,DCMAC,191.56940840320812,35000,0.001984457362875336,191.0512481239799,192.08756866839374
9n70i0ot,n2_k2_nomob,DCMAC,192.12919695244514,45000,0.004912374875491121,191.60272316893577,192.65567068451884
frml9tex,n2_k2_nomob,DCMAC,191.3818651804312,45000,0.0010035314631058334,190.865558238219,191.89817213676574
zqoh12zt,n2_k2_nomob,DCMAC,191.64343738372065,25000,0.002371658474400684,191.12022987938556,192.1666448477873
vnsag5l9,n2_k2_nomob,DCMAC,191.88928800901917,45000,0.0036575553586442044,191.36338188820451,192.41519409774213
u9kmswqq,n2_k2_nomob,DCMAC,191.85975567309987,25000,0.0035030894560377224,191.33636556414524,192.3831457471951
q6877dim,n2_k2_nomob,DCMAC,191.7985393719776,49999,0.0031829037710005004,191.27305777576754,192.3240209962051
5daplnss,n3_k1_nomob,DCMAC,48.21620988066853,40000,0.05690946691513665,48.106612447105974,48.32580729147283
gfoercjt,n3_k1_nomob,DCMAC,48.22186612498974,49999,0.05703345298092377,48.113144414426486,48.33058782445748
mjc09gws,n3_k1_nomob,DCMAC,48.66749366043097,35000,0.06680170233298943,48.56292148752224,48.772065828857315
yguxrrpj,n3_k1_nomob,DCMAC,48.16348630220606,49999,0.0557537549804048,48.05448798991557,48.27248459030751
421rn29o,n3_k1_nomob,DCMAC,48.24842344142252,45000,0.05761559494569313,48.139451891949385,48.35739496597984
7amu77sr,n3_k1_nomob,DCMAC,48.20210199323639,40000,0.0566002190538446,48.09647946374532,48.30772454052333
eh49upq0,n3_k1_nomob,DCMAC,180.24902905488227,49999,2.951096647410835,180.1208765523994,180.37718413313985
eabl2dkz,n3_k1_nomob,DCMAC,179.9976122484803,20000,2.945585538107854,179.96612429726102,180.02910306598207
8ola6xb4,n3_k1_nomob,DCMAC,48.155738667813885,49999,0.05558392520416233,48.04410426436165,48.26737307513497
6fp9sylq,n3_k1_nomob,DCMAC,48.24155342988703,45000,0.05746500284715106,48.128793251868046,48.354313594731536
13rjn2dm,n3_k2_nomob,DCMAC,146.80780628578358,49999,0.030519488177618737,146.45597275767295,147.1596398213676
ejxm91kf,n3_k2_nomob,DCMAC,147.7472044994464,45000,0.037113607324486875,147.38658533449808,148.10782364682518
1kvf8v8d,n3_k2_nomob,DCMAC,146.5345028976505,49999,0.02860103115015078,146.19094205616176,146.87806374397098
89tqx3ph,n3_k2_nomob,DCMAC,146.79355119285682,49999,0.030419424349689805,146.46338914372816,147.1237132483159
96lkw25c,n3_k2_nomob,DCMAC,147.48166224289164,40000,0.03524962967072609,147.13659093527306,147.82673353345407
iixma9j0,n3_k2_nomob,DCMAC,146.22208781309206,45000,0.02640802901229855,145.87602125410385,146.56815436597518
pq40wwov,n3_k2_nomob,DCMAC,147.14024825088873,49999,0.03285306928884402,146.80039304885793,147.48010343895032
09fs0yxp,n3_k2_nomob,DCMAC,147.45145935582494,49999,0.03503762007458189,147.09489492279022,147.8080237839511
i40qn8cz,n3_k2_nomob,DCMAC,147.52173852456139,40000,0.035530945700978256,147.1393113082189,147.9041656989985
ec3sv8xn,n3_k2_nomob,DCMAC,146.79314174842344,49999,0.030416550248655305,146.4241761034604,147.16210735090056
840p2lnk,n3_k3_nomob,DCMAC,422.1802676851572,49999,0.00749395686606813,421.1432784360752,423.21725694783595
7u72s75i,n3_k3_nomob,DCMAC,422.9610479804172,49999,0.009357216448112826,421.92306475829474,423.9990312008727
weu0qtro,n3_k3_nomob,DCMAC,422.21826892723357,49999,0.007584643297140037,421.16798247576713,423.26855545178415
yvnfkmhe,n3_k3_nomob,DCMAC,422.4286572055702,45000,0.0080867153626627,421.4687946315163,423.38851969312975
t21j423x,n3_k3_nomob,DCMAC,422.2111085554152,45000,0.00756755573552681,421.18252331583113,423.2396937923232
kaaaum19,n3_k3_nomob,DCMAC,421.66822059803354,45000,0.006272004099927342,420.6789773151009,422.65746388820725
ko41jeyk,n3_k3_nomob,DCMAC,423.53417227138857,49999,0.01072492428261862,422.5425045623911,424.5258400309621
q7rhbnmw,n3_k3_nomob,DCMAC,422.0030325363159,45000,0.007071001661693055,421.03053816940303,422.9755269139099
svmkc1jw,n3_k3_nomob,DCMAC,422.9397817875427,30000,0.009306466656029633,421.92717509999557,423.9523885090132
ocy0jchk,n3_k3_nomob,DCMAC,422.0890808582707,45000,0.007276347981745479,421.0761463323415,423.1020153963267
i216210h,n4_k1_nomob_fpf1.5,DCMAC,34.876674353594694,45000,0.03954319980908183,34.80865461243381,34.944694079477884
tvflyxho,n4_k1_nomob_fpf1.5,DCMAC,34.849975962890284,49999,0.03874742065246761,34.784861992973646,34.91508994102065
zhhudtwq,n4_k1_nomob_fpf1.5,DCMAC,35.04226046561707,49999,0.04447870240289342,34.9809509083745,35.10356999452619
1yq79h9i,n4_k1_nomob_fpf1.5,DCMAC,35.167917431723474,49999,0.04822406651932876,35.09644838084737,35.23938647053202
kiar1exi,n4_k1_nomob_fpf1.5,DCMAC,34.9879576897916,40000,0.04286013978514469,34.91989926899784,35.056016098615004
p41qikdw,n4_k1_nomob_fpf1.5,DCMAC,34.897515287764115,49999,0.040164390097291225,34.83073220316474,34.96429836160118
nk8nyoyo,n4_k1_nomob_fpf1.5,DCMAC,34.6520665565849,49999,0.03284848156735931,34.5869677107686,34.71716542006789
rhb4n0bn,n4_k1_nomob_fpf1.5,DCMAC,35.00901825142149,30000,0.04348787634639306,34.94462773704709,35.07340876270114
a8ms5ait,n4_k1_nomob_fpf1.5,DCMAC,34.96115912669956,30000,0.04206137486436856,34.893194756050455,35.0291234795853
q78ttz6r,n4_k1_nomob_fpf1.5,DCMAC,34.850491961897205,49999,0.0387628006526739,34.786606597622104,34.914377321779064
6oro5c1s,n4_k2_nomob_fpf1.5,DCMAC,105.29199893172158,35000,0.054396143918701956,105.09063409226623,105.49336377234253
1xvqi6a0,n4_k2_nomob_fpf1.5,DCMAC,105.33833196183309,49999,0.05486012379163929,105.14022053853566,105.53644338121836
trns74zg,n4_k2_nomob_fpf1.5,DCMAC,105.20747797595808,49999,0.05354974940875312,105.01245981614596,105.40249615797512
ds9ejaxn,n4_k2_nomob_fpf1.5,DCMAC,104.87847325853015,49999,0.05025508971089665,104.67790463604027,105.07904186344092
fzqcd7v2,n4_k2_nomob_fpf1.5,DCMAC,104.42737109304956,49999,0.045737743771776085,104.23022449245754,104.6245176963776
ilof3592,n4_k2_nomob_fpf1.5,DCMAC,104.93888430607343,49999,0.05086004712671177,104.73983874990445,105.13792987012881
lheovvtv,n4_k2_nomob_fpf1.5,DCMAC,104.69062838703184,49999,0.04837400748079146,104.48731221158829,104.89394454828414
sv2t9xmp,n4_k2_nomob_fpf1.5,DCMAC,104.75239616688204,49999,0.048992551240557125,104.55228581566256,104.95250649467069
rujycwak,n4_k2_nomob_fpf1.5,DCMAC,104.98397197181797,45000,0.05131155589643477,104.78068205671585,105.18726189611161
drjzbi3e,n4_k2_nomob_fpf1.5,DCMAC,104.96484210186269,49999,0.05111998900323145,104.76274935466965,105.16693486388961
cxiueh0f,n4_k3_nomob_fpf1.5,DCMAC,235.73252923668008,45000,0.031923171233934955,235.2213307352114,236.24372779735083
0cd1w6jh,n4_k3_nomob_fpf1.5,DCMAC,234.46983441746204,49999,0.02639570310568229,233.97051326451447,234.96915557047697
uqkqqlki,n4_k3_nomob_fpf1.5,DCMAC,235.24602002080212,45000,0.029793468835589643,234.73336608528888,235.75867393119063
a6d2ab9g,n4_k3_nomob_fpf1.5,DCMAC,235.89437069672624,40000,0.03263163498829558,235.3648557244498,236.42388562175688
7my8a9v3,n4_k3_nomob_fpf1.5,DCMAC,235.88941057915625,45000,0.032609921988952184,235.3643344274281,236.41448668829457
tujumxup,n4_k3_nomob_fpf1.5,DCMAC,236.1952207569079,49999,0.03394861126294835,235.7044453455583,236.68599617299637
3xcrxmh7,n4_k3_nomob_fpf1.5,DCMAC,236.14245713308327,40000,0.033717637598858596,235.61433446382298,236.6705797929977
u3hvbldo,n4_k3_nomob_fpf1.5,DCMAC,235.57427825493357,45000,0.03123042485962868,235.069955320117,236.07860115113544
7cy1idjv,n4_k3_nomob_fpf1.5,DCMAC,236.51409686767173,49999,0.03534449688177088,235.98255211037525,237.0456416110908
rbnsvq8y,n4_k3_nomob_fpf1.5,DCMAC,236.49404183061012,45000,0.035256705614647776,235.9701670292213,237.01791666104052
1jkjn854,n4_k4_nomob_fpf1.5,DCMAC,560.7984351146115,45000,0.012143655340681514,559.7314774604963,561.8653927143694
svdbw3s6,n4_k4_nomob_fpf1.5,DCMAC,561.6485907798852,35000,0.013678038478685428,560.609532245931,562.6876492173869
u5w4ydtr,n4_k4_nomob_fpf1.5,DCMAC,559.5541782944078,49999,0.009897988150247894,558.5083928682725,560.599963795851
1cot0m1q,n4_k4_nomob_fpf1.5,DCMAC,561.945767400385,45000,0.014214390601160254,560.8833334250155,563.0082014379607
yh6b0bsi,n4_k4_nomob_fpf1.5,DCMAC,561.2673941618907,45000,0.012990044871389328,560.217089401157,562.3176987821316
ydbarw4k,n4_k4_nomob_fpf1.5,DCMAC,561.03447994301,49999,0.0125696752089266,559.97023372251,562.0987260617306
62ew7vh3,n4_k4_nomob_fpf1.5,DCMAC,560.6210659756724,40000,0.011823534888502074,559.5693216481228,561.6728103129368
inbphw2e,n4_k4_nomob_fpf1.5,DCMAC,562.9185652161907,30000,0.01597012149401822,561.8766988091069,563.960431511938
9fdom1qz,n4_k4_nomob_fpf1.5,DCMAC,563.3261127050657,49999,0.016705673840968993,562.2437557522006,564.4084695725063
1kb9ksg1,n4_k4_nomob_fpf1.5,DCMAC,561.0396343484614,35000,0.012578978014440967,559.9970321255519,562.0822363473485
o1h87q6e,hard-1-of-4_infinite,IACC_PS,58.60915915838739,49999,0.16264945761530236,58.608580159125225,58.609739808907605
9bsavb3c,hard-1-of-4_infinite,IACC_PS,54.168817648118974,49999,0.07456492061335007,54.16880355528029,54.16883341043321
kuyexjl6,hard-1-of-4_infinite,IACC_PS,55.01466801585095,40000,0.09134433675562303,55.0145248153763,55.01480996108244
r7iltmee,hard-1-of-4_infinite,IACC_PS,55.36377181360759,40000,0.09826962534432848,55.36281011518483,55.364732369937855
9vcrc0ui,hard-1-of-4_infinite,IACC_PS,56.53061341905591,25000,0.12141665183606265,56.43396667173134,56.62726000112785
ybgc5vkp,hard-1-of-4_infinite,IACC_PS,55.64300386262064,15000,0.10380884472566243,55.64253432733593,55.64347192571582
qs616859,hard-1-of-4_infinite,IACC_PS,56.37945976745794,45000,0.1184181663848034,56.28211068273567,56.47680937124229
trw9w6pn,hard-1-of-4_infinite,IACC_PS,54.16891986720874,45000,0.07456694836756084,54.16889275390057,54.16894864594074
3p577otd,hard-1-of-4_infinite,IACC_PS,53.58473567941161,35000,0.06297829159713575,53.58466748365154,53.58480438280354
r0dui0j5,hard-1-of-4_infinite,IACC_PS,58.43617887613857,25000,0.15921799000473258,58.32334784123933,58.54900988943542
4ywkyoa1,hard-2-of-4_infinite,IACC_PS,160.39282836123616,45000,0.15731891450491498,160.39089104847855,160.39475667429977
boa69o43,hard-2-of-4_infinite,IACC_PS,147.0736026137354,40000,0.06121367063810812,146.81182663470832,147.33537860615166
0i93olv4,hard-2-of-4_infinite,IACC_PS,152.0836639644911,15000,0.09736390767364966,151.8108271528317,152.35650077754244
nmcciezt,hard-2-of-4_infinite,IACC_PS,159.99753280637108,30000,0.15446664843330016,159.9937531804237,160.00130854748159
4hgmszmg,hard-2-of-4_infinite,IACC_PS,153.79063006468613,5000,0.10968056905033641,153.4918455672479,154.0894145384955
vscp8cd9,hard-2-of-4_infinite,IACC_PS,146.38740550875633,35000,0.0562623963399691,146.09634887117082,146.67846216734236
vdk1br54,hard-2-of-4_infinite,IACC_PS,148.50084753002758,49999,0.07151199603165881,148.2476315591428,148.75406350669886
ihv6o1gm,hard-2-of-4_infinite,IACC_PS,159.51278325763693,15000,0.15096892458068356,159.2570450162302,159.76852155176297
bmgor26a,hard-2-of-4_infinite,IACC_PS,150.34480771799556,10000,0.0848171420592796,150.0493204781513,150.64029493658262
1uvmdz90,hard-2-of-4_infinite,IACC_PS,160.43478213805258,25000,0.15762163314851407,160.43355793456058,160.43599681550043
5qe7fdjd,hard-3-of-4_infinite,IACC_PS,314.22380702798057,30000,0.033869006113185884,313.4003899200909,315.0472241973407
nw0hkaht,hard-3-of-4_infinite,IACC_PS,311.16484123697836,45000,0.023804301112027026,310.36659336373845,311.96308917044126
uqbv7ru7,hard-3-of-4_infinite,IACC_PS,310.95390046014575,25000,0.02311025716495818,310.1490878245762,311.75871312345237
m0283c3a,hard-3-of-4_infinite,IACC_PS,311.0664881580134,40000,0.023480696732844253,310.2606779821846,311.872298347924
v03eguge,hard-3-of-4_infinite,IACC_PS,312.50567860535267,40000,0.02821596619403377,311.68400126188084,313.327355904562
7b7o2jqi,hard-3-of-4_infinite,IACC_PS,310.4818333511681,30000,0.021557047185760236,309.67928345958524,311.2843833269138
6qn42wnk,hard-3-of-4_infinite,IACC_PS,313.23383209220486,35000,0.030611759590053245,312.40941997800905,314.0582441215698
867o7q9a,hard-3-of-4_infinite,IACC_PS,312.00285076207314,40000,0.026561546283924375,311.1911360131282,312.81456558400924
6bqvama1,hard-3-of-4_infinite,IACC_PS,311.15430724966774,45000,0.023769641857229296,310.34071489173164,311.9678995957256
2rxkol6x,hard-3-of-4_infinite,IACC_PS,383.0983185813847,10000,0.26048208002298123,,
7j7blvh2,hard-4-of-4_infinite,IACC_PS,751.4794846432045,40000,0.0052699315664774815,749.8876187375033,753.0713506228483
ab12xtdq,hard-4-of-4_infinite,IACC_PS,763.9263868390585,49999,0.02192041474577766,762.3165901326144,765.5361833335722
29oiad2n,hard-4-of-4_infinite,IACC_PS,779.5089781543737,15000,0.04276557529279201,778.0036536254972,781.0143028655916
abfpey06,hard-4-of-4_infinite,IACC_PS,757.5963261056156,35000,0.01345255920166899,756.0678077767849,759.1248442794896
g4iwpc8d,hard-4-of-4_infinite,IACC_PS,757.8764266907214,25000,0.01382725565283649,756.3722675573999,759.3805856506078
x7enmzut,hard-4-of-4_infinite,IACC_PS,748.7794853637362,35000,0.0016580856726546855,747.2052837890243,750.3536869488906
k68dqc4h,hard-4-of-4_infinite,IACC_PS,750.4407367130217,45000,0.0038803765858974604,748.85138496717,752.0300885331961
zxvui4y2,hard-4-of-4_infinite,IACC_PS,750.3850907235444,20000,0.0038059377739578792,748.7636492957052,752.0065321218364
asdyyf53,hard-4-of-4_infinite,IACC_PS,752.819429699475,49999,0.007062404285355983,751.2355259760925,754.4033334977844
ompp7o8g,hard-4-of-4_infinite,IACC_PS,749.9007803694225,35000,0.0031580656144454267,748.3464949445749,751.455065909307
10oh6hoc,n2_k1_nomob,IACC_PS,56.671435859592286,49999,0.07515529993534975,56.525583295430934,56.817288409567084
8vhi860o,n2_k1_nomob,IACC_PS,61.73465132829134,45000,0.17121326746900656,61.734481617533916,61.73482149075771
0covs0j8,n2_k1_nomob,IACC_PS,58.226770612578655,35000,0.10466269422459984,58.03138999439152,58.42215121204464
alffihv4,n2_k1_nomob,IACC_PS,56.55850557359779,49999,0.07301281680132399,56.40893171661224,56.70807943950806
342cctw9,n2_k1_nomob,IACC_PS,57.66852393874203,49999,0.09407178787216885,57.512029401022126,57.825018469652
5gz4dgv9,n2_k1_nomob,IACC_PS,57.06661402887504,45000,0.08265251430231513,56.9181022914599,57.21512575774206
qp3y4d5p,n2_k1_nomob,IACC_PS,62.91936665261309,30000,0.19368936923948188,62.91923454662193,62.91949789547096
4s1r7w7p,n2_k1_nomob,IACC_PS,57.2933054880827,40000,0.08695324394010062,57.14034579198728,57.44626519485583
5jpsxfbx,n2_k1_nomob,IACC_PS,57.05560713468873,35000,0.08244369445434874,56.899379306151104,57.21183496304826
7gacxb0v,n2_k1_nomob,IACC_PS,59.811115261349435,25000,0.13472045648547581,59.63632152926284,59.9859089806096
fcmy7zf4,n2_k2_nomob,IACC_PS,191.16704082720338,15000,-0.00012008563626031421,190.63469773688792,191.69938395981313
wexga33j,n2_k2_nomob,IACC_PS,193.7314577485365,25000,0.013292838268405882,193.23402598098414,194.22888954460484
vt4oxtl5,n2_k2_nomob,IACC_PS,191.00536513432237,10000,-0.0009657140314746071,190.4754465278112,191.53528373525035
2w4b0h3k,n2_k2_nomob,IACC_PS,194.05409306525274,30000,0.0149803497319565,193.52785075353881,194.5803353425
si0oz3pq,n2_k2_nomob,IACC_PS,191.06310364092462,35000,-0.0006637185996933859,190.53922360264866,191.5869837212649
hh3mxo9g,n2_k2_nomob,IACC_PS,191.18229431870787,15000,-4.030378833685955e-05,190.67248681266284,191.6921018082478
pys8suph,n2_k2_nomob,IACC_PS,191.34205518071877,35000,0.0007953092772570169,190.81197484123774,191.8721354427283
ehns61qr,n2_k2_nomob,IACC_PS,191.0692997146386,35000,-0.0006313106614436181,190.53806428594717,191.60053514261116
gc2dv3se,n2_k2_nomob,IACC_PS,191.25135711056296,30000,0.00032092217460633066,190.72140852364123,191.78130572364273
aatm0xpy,n2_k2_nomob,IACC_PS,191.00589237412433,49999,-0.0009629563568998023,190.47456860078742,191.53721614606926
4ogly2qo,n3_k1_nomob,IACC_PS,53.33171560621545,45000,0.1690424288955601,53.33157365762052,53.33185553930941
vp5fwjkk,n3_k1_nomob,IACC_PS,53.34231873503109,49999,0.16927485171045809,53.34229805431099,53.34233984928399
he1gkcn3,n3_k1_nomob,IACC_PS,180.00312902373042,49999,2.945706466982254,180.00172955737077,180.0045313566307
ex40wima,n3_k1_nomob,IACC_PS,53.3328621582724,15000,0.16906756155792202,53.33236937025248,53.333352923219806
bihh3b3b,n3_k1_nomob,IACC_PS,52.503324532806005,40000,0.15088392224476133,52.366444837572075,52.640204233491914
1eszypex,n3_k1_nomob,IACC_PS,53.35253840104307,25000,0.16949886894000588,53.3515841804405,53.35349303132098
peuf5r7c,n3_k1_nomob,IACC_PS,51.42086852752252,30000,0.12715625882337855,51.297819983808665,51.543917066362226
7ywmowtc,n3_k1_nomob,IACC_PS,51.22101458737782,49999,0.12277541839933859,51.091408300557276,51.35062086644635
zf1ecju4,n3_k1_nomob,IACC_PS,53.344372132079734,30000,0.16931986260586895,53.34419661200675,53.34454807053415
6ksfhfa6,n3_k1_nomob,IACC_PS,50.56900178000545,15000,0.10848316045605988,50.44985155748572,50.68815200023446
z02ovk4k,n3_k2_nomob,IACC_PS,149.70523251680598,35000,0.05085801289348568,149.30776103167602,150.10270398800782
zynurd7q,n3_k2_nomob,IACC_PS,149.9435980894979,10000,0.05253122342761407,149.55641881454676,150.3307773857096
zn95h8cb,n3_k2_nomob,IACC_PS,146.84478178967285,45000,0.030779038254056257,146.4848855598779,147.20467798550175
0sqx9uxg,n3_k2_nomob,IACC_PS,145.29169650548562,35000,0.019877133970838123,144.97965483140936,145.60373818063746
nzfh6ait,n3_k2_nomob,IACC_PS,146.18454619657894,30000,0.02614450510023114,145.87125970237452,146.49783267608922
0leewxw0,n3_k2_nomob,IACC_PS,148.69729528058008,30000,0.043782783101081524,148.32770448923367,149.06688609632238
5mluxas9,n3_k2_nomob,IACC_PS,145.590820898027,10000,0.02197684190668947,145.27694744891804,145.9046943301042
g6ct9crk,n3_k2_nomob,IACC_PS,149.69718476074027,30000,0.05080152155510498,149.30271273544778,150.0916568171264
9elfmtpr,n3_k2_nomob,IACC_PS,150.1281068010552,45000,0.05382638495756842,149.75441089118675,150.5018027082853
sxwkx5zt,n3_k2_nomob,IACC_PS,150.16547994851436,15000,0.054088726298710865,149.76866007318952,150.56229984559556
c6qqos4p,n3_k3_nomob,IACC_PS,427.16024243780504,15000,0.019378203603009236,426.18128112469685,428.1392038160991
mhds067d,n3_k3_nomob,IACC_PS,419.7526216910619,40000,0.0017006054101325052,418.7841135045091,420.72112979611956
daxxxfzl,n3_k3_nomob,IACC_PS,419.03427096553526,45000,-1.3671808096527016e-05,418.05744933450035,420.01109248144815
5u1esxsf,n3_k3_nomob,IACC_PS,419.48560752504704,40000,0.001063400928424496,418.51730379357474,420.4539110655866
ubmazuh9,n3_k3_nomob,IACC_PS,428.6974562387752,40000,0.023046621417466495,427.6952040561939,429.69970847676507
vpqjrhag,n3_k3_nomob,IACC_PS,426.99231778942584,35000,0.018977467042348817,426.03017641543886,427.9544591750763
xqfjudah,n3_k3_nomob,IACC_PS,420.3376157083282,40000,0.0030966392428604106,419.36804994497834,421.3071815653366
jyn0gfig,n3_k3_nomob,IACC_PS,426.1612802072877,45000,0.01699427311781143,425.2005386407449,427.122021799166
bqiz2h85,n3_k3_nomob,IACC_PS,464.3834036727285,15000,0.10820781708841265,463.72694260468035,465.03986492766825
0uipvlpx,n3_k3_nomob,IACC_PS,419.9211380711434,30000,0.0021027540834845926,418.9460477723695,420.89622834289537
p2soljb7,n4_k1_nomob_fpf1.5,IACC_PS,41.40628980453675,35000,0.23416661116353943,41.317785601256695,41.49479402434984
xkb2vkg7,n4_k1_nomob_fpf1.5,IACC_PS,40.684468355953584,45000,0.21265181388833354,40.59645424784057,40.77248246329911
rppnbhql,n4_k1_nomob_fpf1.5,IACC_PS,39.4214226683287,45000,0.17500514659698085,39.4212062113041,39.421639248748384
k4217w29,n4_k1_nomob_fpf1.5,IACC_PS,39.819641761747924,45000,0.18687456815940173,39.739007403206365,39.900276116805536
3uf2tyns,n4_k1_nomob_fpf1.5,IACC_PS,46.10534839334105,10000,0.3742279699952624,45.99592273272331,46.214773998405384
viz49elm,n4_k1_nomob_fpf1.5,IACC_PS,40.52443809444055,15000,0.20788191041551562,40.43722076038562,40.611655417306785
gquuxous,n4_k1_nomob_fpf1.5,IACC_PS,41.58098997464551,25000,0.23937376973608093,41.49441971583467,41.66756022511382
g4ek4sol,n4_k1_nomob_fpf1.5,IACC_PS,111.11747468492719,35000,2.311996264826444,111.11692342754613,111.11802120441187
xx9xqwt9,n4_k1_nomob_fpf1.5,IACC_PS,42.069635735630456,10000,0.2539384720009079,41.9925714136731,42.14670005761749
roj58va3,n4_k1_nomob_fpf1.5,IACC_PS,111.11761509542282,25000,2.3120004499380875,111.1171302611605,111.11809519172036
ghxgobv2,n4_k2_nomob_fpf1.5,IACC_PS,102.88305987129571,35000,0.030272980886197898,102.6838488190854,103.08227094737884
vdtb4705,n4_k2_nomob_fpf1.5,IACC_PS,103.69161724026846,30000,0.038369890249033256,103.49928372334507,103.88395074564907
8gxw3v0o,n4_k2_nomob_fpf1.5,IACC_PS,105.31288911157138,35000,0.05460533858973937,105.09554741872313,105.53023077936646
jt8mr26x,n4_k2_nomob_fpf1.5,IACC_PS,105.6226557530468,40000,0.05770734781741238,105.4023177829936,105.84299370935412
ma0euze6,n4_k2_nomob_fpf1.5,IACC_PS,112.70826737952713,5000,0.12866280171767608,112.50913511196438,112.9073996552628
zpq2xqj7,n4_k2_nomob_fpf1.5,IACC_PS,108.2062536093502,35000,0.08357954745994589,107.9684017770981,108.4441054777313
u6znh6rr,n4_k2_nomob_fpf1.5,IACC_PS,116.91985839656371,35000,0.17083775682519242,116.91983722580642,116.91987374816208
v4dfgr0t,n4_k2_nomob_fpf1.5,IACC_PS,107.21473180584341,25000,0.0736504286585562,106.990483000248,107.43898062092966
vnbaz3bx,n4_k2_nomob_fpf1.5,IACC_PS,108.02508416380505,20000,0.08176531307635737,107.80491016647807,108.2452581685973
e7s6qx12,n4_k2_nomob_fpf1.5,IACC_PS,105.99903027582498,25000,0.06147636967579584,105.8006238557725,106.19743669831229
84top2w8,n4_k3_nomob_fpf1.5,IACC_PS,232.07837629394916,49999,0.015927054342274483,231.60100269912286,232.5557498868604
06imti86,n4_k3_nomob_fpf1.5,IACC_PS,231.97933685572582,40000,0.015493507510619065,231.5032277427981,232.45544589772013
3xo0fcdd,n4_k3_nomob_fpf1.5,IACC_PS,235.00358841743625,35000,0.028732220352986504,234.47195566576912,235.53522118489312
rgbjd4rd,n4_k3_nomob_fpf1.5,IACC_PS,236.46198299605564,15000,0.03511636751906688,235.97592255114844,236.9480433652944
24v7jgg6,n4_k3_nomob_fpf1.5,IACC_PS,234.09898091296878,45000,0.02477228555843447,233.58977823249512,234.6081835807068
p6sw8xld,n4_k3_nomob_fpf1.5,IACC_PS,233.9694036646334,45000,0.024205058941662694,233.46194100248866,234.4768663621659
opz3kg6e,n4_k3_nomob_fpf1.5,IACC_PS,234.16299099489927,30000,0.025052490784885695,233.6580859218095,234.66789602948447
pfzkzva7,n4_k3_nomob_fpf1.5,IACC_PS,234.67306045128933,35000,0.027285328538300346,234.18041568591445,235.1657052030626
kkve9669,n4_k3_nomob_fpf1.5,IACC_PS,232.62139090567652,30000,0.018304110075628266,232.13899735304295,233.10378446549953
6gceucab,n4_k3_nomob_fpf1.5,IACC_PS,234.85282860956258,10000,0.028072266720200467,234.3592852781698,235.34637195228368
87rb0ea2,n4_k4_nomob_fpf1.5,IACC_PS,555.1093551219263,45000,0.0018758552564230868,554.0796005058389,556.1391097981161
0x7va7fa,n4_k4_nomob_fpf1.5,IACC_PS,632.5075333149539,25000,0.1415661077390109,631.9011936925841,633.1138731909608
axr54vxt,n4_k4_nomob_fpf1.5,IACC_PS,556.518063985836,40000,0.004418329788358655,555.475088609402,557.5610393239477
jxvcz5y8,n4_k4_nomob_fpf1.5,IACC_PS,560.7479073729348,45000,0.012052461553476501,559.7183739323137,561.7774408980084
7rypfkxy,n4_k4_nomob_fpf1.5,IACC_PS,554.6829521751458,25000,0.0011062720868224574,553.6506982935073,555.715206160228
j7mjzl7w,n4_k4_nomob_fpf1.5,IACC_PS,560.9309367065065,49999,0.012382797672688461,559.893711673454,561.9681616663896
qvnok7yx,n4_k4_nomob_fpf1.5,IACC_PS,555.5196255298065,35000,0.002616321998676119,554.4849439071307,556.5543071628155
87vmh2lm,n4_k4_nomob_fpf1.5,IACC_PS,682.370289993728,5000,0.23155971266036413,,
gicytz8b,n4_k4_nomob_fpf1.5,IACC_PS,560.3169344211765,45000,0.011274630319592083,559.3056791567412,561.3281896549042
e08929nf,n4_k4_nomob_fpf1.5,IACC_PS,571.1490261975468,40000,0.03082467232939301,570.278376635128,572.0196757171669
zzektdqb,hard-1-of-4_infinite,QMIX_PS,60.57559817680314,10000,0.20165836494352596,60.4662779350527,60.68491843243997
s37zgvwd,hard-1-of-4_infinite,QMIX_PS,63.9279199795048,30000,0.26815949175768306,63.83149652295237,64.02434345961447
54msd2k5,hard-1-of-4_infinite,QMIX_PS,57.63378020117968,45000,0.1433005395988829,57.539671397455756,57.727888908940734
4d6l4121,hard-1-of-4_infinite,QMIX_PS,64.07854827369697,10000,0.2711475555186862,63.97703045108182,64.18006610539094
t8wox9rz,hard-1-of-4_infinite,QMIX_PS,60.02425753933905,49999,0.1907212366462816,59.925190153229664,60.12332492043214
c6l4afte,hard-1-of-4_infinite,QMIX_PS,62.11636128776169,45000,0.23222299717837136,62.00484757628514,62.22787500176357
bougtu11,hard-1-of-4_infinite,QMIX_PS,59.4962487130984,25000,0.18024694927788953,59.40593340080226,59.58656401798283
6pv9irfh,hard-1-of-4_infinite,QMIX_PS,56.70624123525246,10000,0.12490063946146535,56.62352518102025,56.78895722002651
d49ru6ae,hard-1-of-4_infinite,QMIX_PS,62.841762613013536,35000,0.24661302545156794,62.740029195295804,62.94349603415823
noyb7s1l,hard-1-of-4_infinite,QMIX_PS,58.579157074178624,20000,0.16205429625428747,58.48089807862172,58.67741625563731
kwlygk3i,hard-2-of-4_infinite,QMIX_PS,152.70967218142474,10000,0.10188088737589096,152.47347816142297,152.9458661795499
8rms04f3,hard-2-of-4_infinite,QMIX_PS,149.9833380695049,5000,0.08220894775600618,149.78032242824258,150.1863537309676
ausp2q1p,hard-2-of-4_infinite,QMIX_PS,146.65390031628021,35000,0.05818529703644004,146.39439463753772,146.91340597533153
d8mjj6zk,hard-2-of-4_infinite,QMIX_PS,146.57329702557473,30000,0.0576037017503046,146.31335188234277,146.83324216207558
tnmvk3q8,hard-2-of-4_infinite,QMIX_PS,147.59909758003974,15000,0.06500539418457119,147.32081449905638,147.8773806861853
pql2mp5w,hard-2-of-4_infinite,QMIX_PS,146.75467402972762,45000,0.0589124325689272,146.4939036366406,147.01544449041933
535ydgh2,hard-2-of-4_infinite,QMIX_PS,155.45652905631016,49999,0.12170090956281232,155.19161028457412,155.72144784080737
c7h1yv0w,hard-2-of-4_infinite,QMIX_PS,155.19718622147263,35000,0.11982961412419812,154.91713340973286,155.4772390177879
9e9amui4,hard-2-of-4_infinite,QMIX_PS,144.30728806727365,45000,0.041253251080695774,144.03188895319374,144.5826871627578
c032pwxj,hard-2-of-4_infinite,QMIX_PS,146.83346448498497,49999,0.05948094729046094,146.57185719061036,147.09507173524716
3oa9fvji,hard-3-of-4_infinite,QMIX_PS,309.29329781460683,20000,0.01764649035832866,308.51679822581457,310.06979745320155
vfahe190,hard-3-of-4_infinite,QMIX_PS,309.40659911329954,30000,0.018019277837987513,308.58934422378024,310.2238539935354
ujwjs80a,hard-3-of-4_infinite,QMIX_PS,310.22878959296617,10000,0.020724474691429462,309.438172896988,311.0194063016204
q8xlgy7i,hard-3-of-4_infinite,QMIX_PS,309.62233850890277,45000,0.018729110350747646,308.8155992848873,310.42907770180705
gkb2ry8n,hard-3-of-4_infinite,QMIX_PS,309.6741029282912,5000,0.01889942726381455,308.8686734458655,310.4795324128992
fuhc8xgr,hard-3-of-4_infinite,QMIX_PS,310.4126216803519,25000,0.021329324779889802,309.6698953884016,311.15534800103325
00svimv0,hard-3-of-4_infinite,QMIX_PS,310.4808436412162,45000,0.02155379081109543,309.6812966755321,311.280390599706
9pc5ptni,hard-3-of-4_infinite,QMIX_PS,309.57388208032137,40000,0.01856967749258498,308.79912747264746,310.348636704446
pn2222kq,hard-3-of-4_infinite,QMIX_PS,309.16067513289914,20000,0.017210131059451683,308.37889846523757,309.9424518139983
lkmgea93,hard-3-of-4_infinite,QMIX_PS,309.73156482027605,30000,0.01908849017956782,308.9241621489216,310.53896746930354
lx67f32l,hard-4-of-4_infinite,QMIX_PS,748.4747463592374,49999,0.0012504298890192445,746.9014329584587,750.0480597289192
bydddkut,hard-4-of-4_infinite,QMIX_PS,748.8434610245846,25000,0.001743667261396853,747.2691956036163,750.4177263672088
2wjyxko8,hard-4-of-4_infinite,QMIX_PS,749.2946870474645,25000,0.00234728181430377,747.7153480177793,750.874025745038
ggm7e1v6,hard-4-of-4_infinite,QMIX_PS,748.1504955182215,25000,0.000816672710786781,746.5764427134152,749.7245484663945
jo6ppvvl,hard-4-of-4_infinite,QMIX_PS,748.3184695080568,20000,0.0010413750542537237,746.7513834538087,749.8855556575194
1u1isdpj,hard-4-of-4_infinite,QMIX_PS,747.5257905225124,40000,-1.9008317264090913e-05,745.9605969809471,749.0909839626564
ta3psym0,hard-4-of-4_infinite,QMIX_PS,748.2475616940146,35000,0.0009465201782039578,746.6805645355353,749.8145588915888
ihg9g0h7,hard-4-of-4_infinite,QMIX_PS,748.1266757622794,20000,0.0007848085216570766,746.4627700614171,749.7905815209192
lqhn40rm,hard-4-of-4_infinite,QMIX_PS,748.1168794333391,10000,0.000771703766138554,746.5475455392116,749.6862133285863
mbvig1vc,hard-4-of-4_infinite,QMIX_PS,748.2877826935069,15000,0.0010003246562149126,746.6218450058255,749.953720587131
ef9w6apw,n2_k1_nomob,QMIX_PS,56.26179477584818,30000,0.06738369902956132,56.125461277179724,56.39812826881408
dyc15m8v,n2_k1_nomob,QMIX_PS,55.92639947925103,45000,0.06102066930850003,55.807068897357226,56.0457299854896
s2kwlrwq,n2_k1_nomob,QMIX_PS,56.381156301994885,40000,0.06964819392894861,56.24219354456386,56.52011905601063
snzpo0e4,n2_k1_nomob,QMIX_PS,55.994336625953466,30000,0.062309554656677424,55.87478880797673,56.11388454199505
40k5xmdv,n2_k1_nomob,QMIX_PS,56.91639075955775,15000,0.07980251867876587,56.79382805222031,57.0389534944487
0vast829,n2_k1_nomob,QMIX_PS,55.6399837155825,35000,0.05558686616548103,55.52121441814649,55.75875294587862
0f55b4lf,n2_k1_nomob,QMIX_PS,56.596018924305824,35000,0.07372451004184821,56.44668167242717,56.74535617089558
2h0xwah4,n2_k1_nomob,QMIX_PS,56.35472246624462,25000,0.06914669827821318,56.20775599386361,56.50168891532753
j78rx5lu,n2_k1_nomob,QMIX_PS,56.29674011439502,30000,0.06804667263128472,56.1766165915722,56.41686362832603
iedjp8xn,n2_k1_nomob,QMIX_PS,56.32748253061963,49999,0.0686299095165932,56.20600980399941,56.4489552538314
qvvg9zbp,n2_k2_nomob,QMIX_PS,190.90220089589965,25000,-0.0015053041691529545,190.37031007832982,191.43409171923182
s5vn19ov,n2_k2_nomob,QMIX_PS,191.1081210497152,15000,-0.000428259586195856,190.60233835407428,191.6139037140257
f6vgd5sr,n2_k2_nomob,QMIX_PS,190.9791631279199,25000,-0.0011027609816418593,190.4573330425393,191.50099321303014
l11pfl3i,n2_k2_nomob,QMIX_PS,191.3212632343233,40000,0.0006865590999702853,190.7900805521849,191.85244596209733
vu9d6dk0,n2_k2_nomob,QMIX_PS,191.1268764387985,40000,-0.00033016141639996555,190.6211813533266,191.6325715019743
1a8uyw1q,n2_k2_nomob,QMIX_PS,190.6938389890291,5000,-0.002595120095041037,190.19804524559353,191.18963276130344
84s2r2xv,n2_k2_nomob,QMIX_PS,191.19015893628483,10000,8.313001977899859e-07,190.66158013723893,191.7187377517076
0lvs6rgj,n2_k2_nomob,QMIX_PS,190.94642094686822,45000,-0.0012740156552737414,190.41844661071073,191.47439533249607
sb6rprjn,n2_k2_nomob,QMIX_PS,191.01877994662803,35000,-0.0008955492095400475,190.52612889203937,191.5114309886369
kz8e48kr,n2_k2_nomob,QMIX_PS,191.13389850900487,10000,-0.0002934331868567064,190.63764996340242,191.63014709073573
6750isj4,n3_k1_nomob,QMIX_PS,51.66998707501022,25000,0.13261698980732617,51.558526038726,51.781448104283186
scn7e5jp,n3_k1_nomob,QMIX_PS,51.02257696707381,45000,0.1184256240042485,50.92421634721341,51.12093761701998
q7g9faek,n3_k1_nomob,QMIX_PS,52.36369547160563,20000,0.14782322384054436,52.248479707455495,52.47891123700632
25dar5cg,n3_k1_nomob,QMIX_PS,51.3113516454848,10000,0.12475562572303378,51.18175040435913,51.44095289014694
qfakc1de,n3_k1_nomob,QMIX_PS,49.437875056881175,10000,0.08368862465763205,49.327297974217075,49.54845212856995
n9m75l00,n3_k1_nomob,QMIX_PS,51.38372813514677,49999,0.12634213360689994,51.273507182548144,51.49394908400764
g2oxynv9,n3_k1_nomob,QMIX_PS,49.022162731046976,45000,0.07457612299533056,48.924873847481315,49.11945163221687
4onpfn0g,n3_k1_nomob,QMIX_PS,51.23300264794286,10000,0.12303819920961989,51.1106980931323,51.35530720138141
tgvwwa1z,n3_k1_nomob,QMIX_PS,51.468855248042075,45000,0.12820813783520557,51.358253680983566,51.57945683247469
90gx4ofr,n3_k1_nomob,QMIX_PS,50.91782640496863,40000,0.11612946963982096,50.8215553005227,51.014097463130106
a37vdllg,n3_k2_nomob,QMIX_PS,145.51791004349732,49999,0.021465043124367034,145.22418888856996,145.81163116739165
zo8u98q5,n3_k2_nomob,QMIX_PS,145.79864873667375,49999,0.023435692381536866,145.4833005974034,146.11399685384475
k304a86t,n3_k2_nomob,QMIX_PS,146.26360201357846,20000,0.026699438534174114,145.9466915139069,146.580512547792
3p0qucvf,n3_k2_nomob,QMIX_PS,145.26478946909944,49999,0.019688259645510575,144.95288137373808,145.57669752717135
sgtnkw7z,n3_k2_nomob,QMIX_PS,145.51493757337278,20000,0.021444177827971034,145.20074036387328,145.82913477856752
vw4ut8vn,n3_k2_nomob,QMIX_PS,146.13267404335124,15000,0.025780387781491276,145.8361712231285,146.42917689408952
r066r7vf,n3_k2_nomob,QMIX_PS,145.4833205767635,45000,0.02122224186974231,145.16782268465553,145.79881848485437
6rw52552,n3_k2_nomob,QMIX_PS,145.89668163460425,25000,0.024123835705490926,145.58001206055917,146.21335122576437
pflpwf1a,n3_k2_nomob,QMIX_PS,145.76752100027358,20000,0.023217190792317544,145.4516411546245,146.08340087258193
bkhakdnr,n3_k2_nomob,QMIX_PS,145.65276375956591,49999,0.02241165070592377,145.33470242932069,145.97082512095702
pccnivn3,n3_k3_nomob,QMIX_PS,419.5103247880112,20000,0.0011223863784153298,418.4576556646483,420.56299391542984
zupc14ui,n3_k3_nomob,QMIX_PS,419.15810544698206,49999,0.00028184766843741826,418.1851773889558,420.1310335480864
8mrn2tvz,n3_k3_nomob,QMIX_PS,419.072792328963,40000,7.825584422249676e-05,418.1074120057388,420.0381727153305
pb77k7ar,n3_k3_nomob,QMIX_PS,419.0915593518235,15000,0.00012304159942599924,418.1228597100014,420.06025897194434
rsvfnea8,n3_k3_nomob,QMIX_PS,419.4504480469902,20000,0.0009794961029738758,418.4817806997648,420.41911535492267
d1zjortr,n3_k3_nomob,QMIX_PS,419.0300083307269,5000,-2.384418975065472e-05,418.0058809219857,420.05413575877
fqfqo6sj,n3_k3_nomob,QMIX_PS,419.0856111651693,45000,0.00010884680500500288,418.11668922174823,420.05453307164777
gxg4vqha,n3_k3_nomob,QMIX_PS,419.57821431191155,10000,0.0012843984152146604,418.6085134526469,420.54791525737505
wyd5myxa,n3_k3_nomob,QMIX_PS,419.10988727931453,35000,0.00016677949435495165,418.08345124527864,420.1363231968601
3hat3339,n3_k3_nomob,QMIX_PS,419.30369945147044,45000,0.0006292942236312271,418.3379427417242,420.2694562257135
c5y19zlc,n4_k1_nomob_fpf1.5,QMIX_PS,39.14237814604652,45000,0.16668787320555944,39.07443626383113,39.21032003446294
i9cfjonp,n4_k1_nomob_fpf1.5,QMIX_PS,41.28712804369692,45000,0.2306148448195804,41.198676082944004,41.37557999335375
mocueckf,n4_k1_nomob_fpf1.5,QMIX_PS,42.67270551359133,45000,0.2719137261875211,42.58170258454737,42.76370844894949
c4f3j0hl,n4_k1_nomob_fpf1.5,QMIX_PS,42.69309822618319,25000,0.27252155666715927,42.60187122509976,42.784325233201784
i2ppgcfb,n4_k1_nomob_fpf1.5,QMIX_PS,42.623148194059894,45000,0.2704366078706377,42.54940186283103,42.69689449874886
rpwvygvo,n4_k1_nomob_fpf1.5,QMIX_PS,39.01349394667634,40000,0.16284631733759602,38.94491938627872,39.082068499492074
44zmwc19,n4_k1_nomob_fpf1.5,QMIX_PS,39.14282383390839,35000,0.16670115749354375,39.06840123013671,39.21724637907807
vl687vfx,n4_k1_nomob_fpf1.5,QMIX_PS,42.59454997627852,15000,0.269584201975515,42.50318695464946,42.68591300037526
qh9yaobr,n4_k1_nomob_fpf1.5,QMIX_PS,40.26008959588967,25000,0.2000026705183211,40.176105466697464,40.34407373326515
2ovudtoc,n4_k1_nomob_fpf1.5,QMIX_PS,41.45467618830982,30000,0.2356088282655684,41.36736807893929,41.54198429366889
zd0wdo8z,n4_k2_nomob_fpf1.5,QMIX_PS,104.87513114815934,30000,0.050221621752046364,104.6804271122431,105.06983517352351
b9hvo552,n4_k2_nomob_fpf1.5,QMIX_PS,105.20389081231212,25000,0.05351382748159539,105.00588135196493,105.40190027725411
7q7ljn2a,n4_k2_nomob_fpf1.5,QMIX_PS,103.89439395724999,30000,0.040400500272882,103.70413361066514,104.08465427919691
4eybr8lq,n4_k2_nomob_fpf1.5,QMIX_PS,104.1479338218148,35000,0.04293945345298211,103.9539399110542,104.3419277168526
p4ixdoc4,n4_k2_nomob_fpf1.5,QMIX_PS,106.10068468729335,49999,0.062494338947459926,105.90602127212699,106.29534811687296
wxpqc6dc,n4_k2_nomob_fpf1.5,QMIX_PS,104.12710302711133,25000,0.04273085346596561,103.93805789309127,104.31614816975969
wl4dnge1,n4_k2_nomob_fpf1.5,QMIX_PS,106.64409411123408,20000,0.06793605158455929,106.45362242133952,106.83456580978536
04vqmcg9,n4_k2_nomob_fpf1.5,QMIX_PS,103.95249183112776,40000,0.04098229352220861,103.76413310122727,104.1408505482173
h1ewvf0y,n4_k2_nomob_fpf1.5,QMIX_PS,105.429489700984,35000,0.05577297918069313,105.24480613735138,105.61417328815521
rp4lnf59,n4_k2_nomob_fpf1.5,QMIX_PS,104.37347275310043,40000,0.04519800473763702,104.17341257944867,104.5735329357262
un8x1nyu,n4_k3_nomob_fpf1.5,QMIX_PS,232.58335724759098,15000,0.018137617088036073,232.0765289218939,233.09018555434818
dxcby2ul,n4_k3_nomob_fpf1.5,QMIX_PS,232.68275245504833,35000,0.01857272130558707,232.1725378876316,233.19296707643397
9141outo,n4_k3_nomob_fpf1.5,QMIX_PS,232.66731945296888,40000,0.018505163075507314,232.15780356307843,233.1768354031386
dgnm7cjs,n4_k3_nomob_fpf1.5,QMIX_PS,232.3313343963455,40000,0.0170343827540953,231.8238383065053,232.8388304236583
6ayrhoey,n4_k3_nomob_fpf1.5,QMIX_PS,232.36381712755107,30000,0.0171765764645031,231.88284020825466,232.84479399203218
kxs73zt3,n4_k3_nomob_fpf1.5,QMIX_PS,232.61032625194204,35000,0.018255674365006413,232.1021809103426,233.11847163894328
bafnfy5f,n4_k3_nomob_fpf1.5,QMIX_PS,231.87264502894598,49999,0.01502646221741366,231.3456149727631,232.3996750550079
mh37igpw,n4_k3_nomob_fpf1.5,QMIX_PS,232.25472370840666,20000,0.01669901815972108,231.74545961664677,232.7639878509283
9clwxqv9,n4_k3_nomob_fpf1.5,QMIX_PS,233.38515030403528,45000,0.02164747988108595,232.8723241673488,233.89797646581465
qudedxg7,n4_k3_nomob_fpf1.5,QMIX_PS,232.08925618030534,35000,0.015974681230543464,231.5638123796931,232.61469998648732
qoz29xpn,n4_k4_nomob_fpf1.5,QMIX_PS,553.3943245823407,35000,-0.001219476632301597,552.3723441178915,554.4163051451089
dycp2c7w,n4_k4_nomob_fpf1.5,QMIX_PS,554.0803053078293,49999,1.8599288590381846e-05,553.0451700252588,555.1154405918066
au77k1iz,n4_k4_nomob_fpf1.5,QMIX_PS,554.0804863610617,25000,1.8926058190649186e-05,553.0512904100568,555.1096824109881
4n1md0bk,n4_k4_nomob_fpf1.5,QMIX_PS,554.2098201882277,25000,0.000252351125719974,553.1829841016522,555.2366562267168
vgeiao7f,n4_k4_nomob_fpf1.5,QMIX_PS,553.1809956749142,35000,-0.001604498213377048,552.1587849680294,554.2032064595829
z62ytu7k,n4_k4_nomob_fpf1.5,QMIX_PS,553.977781566669,10000,-0.00016643823583850637,552.954759926844,555.0008030654046
nyjhpqe1,n4_k4_nomob_fpf1.5,QMIX_PS,554.0488275379332,45000,-3.8212612245458466e-05,553.0132916310112,555.0843631564338
3lppvngg,n4_k4_nomob_fpf1.5,QMIX_PS,553.6427076582607,45000,-0.0007711883728397373,552.6149371950058,554.6704782578751
l50yy2fj,n4_k4_nomob_fpf1.5,QMIX_PS,553.990924231995,40000,-0.00014271801036880305,552.958975429806,555.022873054386
vyednti0,n4_k4_nomob_fpf1.5,QMIX_PS,553.3797134356982,30000,-0.0012458472111859242,552.3434273681038,554.4159994011528
hswmspvl,hard-1-of-4_infinite,VDN_PS,60.61725947486646,49999,0.20248481402234608,60.509082069404066,60.72543684230096
992wpzil,hard-1-of-4_infinite,VDN_PS,58.85334044448228,10000,0.16749336331049958,58.77447726154388,58.9322016992563
cfgoijhj,hard-1-of-4_infinite,VDN_PS,60.17441707251507,25000,0.19370000143850574,60.062909672326825,60.28592446406387
vyvykcwt,hard-1-of-4_infinite,VDN_PS,58.17505889523745,10000,0.15403806576547208,58.08155676127514,58.26856093125264
8i9prar1,hard-1-of-4_infinite,VDN_PS,60.751780107033944,10000,0.2051533447140239,60.68352046705478,60.82003988370664
jrxj2ayp,hard-1-of-4_infinite,VDN_PS,65.8515151759924,10000,0.30631849188637994,65.74308848316763,65.95994189937021
xvo5f1oh,hard-1-of-4_infinite,VDN_PS,62.93772551290903,25000,0.24851667353519225,62.84232349286423,63.033127351251984
fut9umj9,hard-1-of-4_infinite,VDN_PS,59.59334394484189,10000,0.18217305980642529,59.482132406957845,59.70455547279526
0hr7ebmj,hard-1-of-4_infinite,VDN_PS,61.64329854154562,10000,0.22283869354385288,61.54203199357201,61.744565024936904
us7smn3d,hard-1-of-4_infinite,VDN_PS,61.99125321309909,10000,0.22974118653241615,61.929816508917575,62.052689905953635
ckea2pqr,hard-2-of-4_infinite,VDN_PS,148.93362486141297,5000,0.07463471290434343,148.66837880908912,149.1988709095388
6y7zuf4k,hard-2-of-4_infinite,VDN_PS,152.526913793781,45000,0.10056218914626602,152.25566236856025,152.79816523519952
xpnfh2k6,hard-2-of-4_infinite,VDN_PS,149.76116761345017,10000,0.08060587065048108,149.47401226254914,150.04832296015292
eiupv5un,hard-2-of-4_infinite,VDN_PS,153.8875568589595,5000,0.11037994703051801,153.60185248373176,154.1732612552819
tp2plnx5,hard-2-of-4_infinite,VDN_PS,152.84148066664272,20000,0.10283195516734778,152.5177583590479,153.16520298479367
j7pw0pms,hard-2-of-4_infinite,VDN_PS,151.24699659552707,15000,0.09132691100026746,150.9674647437519,151.5265284558636
0s6apqxr,hard-2-of-4_infinite,VDN_PS,150.4533975137219,25000,0.08560067475086153,150.18574991982658,150.72104514639656
bord8a0j,hard-2-of-4_infinite,VDN_PS,149.50760153825763,10000,0.07877625758177098,149.21540442452886,149.7997986395123
jynx6noq,hard-2-of-4_infinite,VDN_PS,155.38293251557405,30000,0.12116987167597992,155.10120271620184,155.66466232827753
fdv2g2b7,hard-2-of-4_infinite,VDN_PS,152.314211856198,10000,0.09902743239914846,152.0649614204451,152.5634623092607
rxlt3vit,hard-3-of-4_infinite,VDN_PS,311.25885427171954,49999,0.024113625741846834,310.4642913502129,312.0534172592537
rfncvwvu,hard-3-of-4_infinite,VDN_PS,310.95661169593455,49999,0.02311917775782102,310.24011223571455,311.67311112167675
91s8t3cl,hard-3-of-4_infinite,VDN_PS,309.78889304114824,25000,0.01927711328644177,308.9873534421672,310.5904326535664
nehctdnq,hard-3-of-4_infinite,VDN_PS,310.242380301066,30000,0.020769191264653042,309.43482506433253,311.04993560232396
ft2z61bx,hard-3-of-4_infinite,VDN_PS,309.2482237458186,40000,0.017498186246236447,308.484075731019,310.01237180529694
vtfuv15n,hard-3-of-4_infinite,VDN_PS,310.00587348563744,25000,0.019991029137095495,309.21062262693704,310.80112432328883
xarqh0ix,hard-3-of-4_infinite,VDN_PS,309.63010866065247,25000,0.018754675947265653,308.8497690256049,310.41044825543145
utbqlue9,hard-3-of-4_infinite,VDN_PS,310.4240299484928,40000,0.02136686062084281,309.6714569557703,311.17660296076417
mggu98mp,hard-3-of-4_infinite,VDN_PS,309.6958029344554,35000,0.018970825303377126,308.893525625178,310.4980802480825
nyub899x,hard-3-of-4_infinite,VDN_PS,309.65228972577205,45000,0.018827656782061775,308.8562516672475,310.44832787743024
8nxwi98n,hard-4-of-4_infinite,VDN_PS,748.1664874958068,10000,0.0008380655159681005,746.5903008900773,749.7426740812361
wk9wcwtt,hard-4-of-4_infinite,VDN_PS,746.6395846752563,49999,-0.0012045045412201194,745.0739531131602,748.2052163375234
xq1wic2v,hard-4-of-4_infinite,VDN_PS,748.290712614418,45000,0.0010042440731172775,746.7176978975405,749.8637273807798
46d0d6hn,hard-4-of-4_infinite,VDN_PS,748.7984614808774,40000,0.001683470424161282,747.2287078471795,750.3682151465948
y8awv7q0,hard-4-of-4_infinite,VDN_PS,749.4358732782893,49999,0.0025361496084346236,747.8684536258536,751.0032929592294
8rp2lcww,hard-4-of-4_infinite,VDN_PS,748.7880441738286,49999,0.001669534973150144,747.2080528787685,750.3680352389072
kg41airh,hard-4-of-4_infinite,VDN_PS,748.5505044279294,5000,0.0013517730528525007,746.8945278662543,750.2064811819025
e4lnkkxw,hard-4-of-4_infinite,VDN_PS,747.8311930328983,45000,0.00038953505216898776,746.2614322753639,749.4009538208275
6whpx4eh,hard-4-of-4_infinite,VDN_PS,747.3275853546868,45000,-0.0002841515441490694,745.7616398880143,748.893530647264
naebpn74,hard-4-of-4_infinite,VDN_PS,748.5238252558278,49999,0.0013160837625114663,746.9475549323819,750.1000955320957
rzxfjbma,n2_k1_nomob,VDN_PS,56.649674813238924,30000,0.07474245519330158,56.50444599408724,56.7949036307182
chxcvwas,n2_k1_nomob,VDN_PS,56.32466550703442,45000,0.06857646569976117,56.1856428918284,56.463688106096406
w1dhk134,n2_k1_nomob,VDN_PS,56.614851440671885,49999,0.07408179549747462,56.47037323908026,56.75932963748758
ndu50nqg,n2_k1_nomob,VDN_PS,56.53224081419555,40000,0.07251452882177101,56.38694141559654,56.67754023265786
lv3t3sxm,n2_k1_nomob,VDN_PS,56.529607456309094,45000,0.07246456946137525,56.41023512511061,56.648979767124196
hxkpdciv,n2_k1_nomob,VDN_PS,56.957389465970884,35000,0.08058033515406726,56.80845852836855,57.10632040408842
y2v78ie5,n2_k1_nomob,VDN_PS,56.46384873298693,49999,0.0712170125780105,56.315795231563214,56.611902252109886
h5bhscop,n2_k1_nomob,VDN_PS,56.78205787875119,20000,0.0772539912493111,56.63196745065435,56.93214832575098
jn2ft3qz,n2_k1_nomob,VDN_PS,56.64409779433816,49999,0.07463664948469284,56.49797113001338,56.790224451327404
i6cz9cj9,n2_k1_nomob,VDN_PS,56.4379209891403,45000,0.07072511836729856,56.302277257858485,56.57356470400217
5sdfksd2,n2_k2_nomob,VDN_PS,191.0483691959707,49999,-0.0007407856270165158,190.55064649110852,191.54609194547595
xssnuqoo,n2_k2_nomob,VDN_PS,190.70280007322893,49999,-0.0025482500484913517,190.20644957993477,191.19915052832636
rfyv7yjg,n2_k2_nomob,VDN_PS,190.94999646671806,20000,-0.001255314259542506,190.44426820392678,191.45572472873616
r4wtdrbc,n2_k2_nomob,VDN_PS,190.6802688396702,10000,-0.0026660973917558284,190.18389826065498,191.17663940002006
v68ycqx2,n2_k2_nomob,VDN_PS,191.13283393041579,25000,-0.0002990013577289785,190.5982438615147,191.66742406267966
k0mdvbw5,n2_k2_nomob,VDN_PS,190.97430328852732,5000,-0.0011281798811270116,190.46813411482125,191.4804723740551
d96t1v9z,n2_k2_nomob,VDN_PS,190.56868778982468,35000,-0.0032497108121518625,190.07530971074038,191.0620658729083
soi4ftdl,n2_k2_nomob,VDN_PS,191.0622287631313,30000,-0.0006682945596983014,190.5640188834431,191.5604386817119
1wi28qq8,n2_k2_nomob,VDN_PS,191.17477754375946,30000,-7.961952110746573e-05,190.65104958260366,191.69850551848583
l8qoy605,n2_k2_nomob,VDN_PS,191.2615641767727,5000,0.00037430920431358317,190.76416547213051,191.75896287389304
0yqe3s93,n3_k1_nomob,VDN_PS,51.304518725757205,5000,0.12460584668472618,51.16914427584233,51.439893149084426
7nmpptr7,n3_k1_nomob,VDN_PS,52.1305400364656,49999,0.14271240763843918,52.02887696108309,52.232203100619635
7yxy1cfn,n3_k1_nomob,VDN_PS,50.969816620904105,10000,0.11726910611363683,50.83745175587437,51.102181493160515
vnuzyv0k,n3_k1_nomob,VDN_PS,54.12797085549939,49999,0.18649651151905733,54.01596869387891,54.239973003699525
fl4p6ndy,n3_k1_nomob,VDN_PS,51.44680822276352,10000,0.1277248624016556,51.327015686068194,51.566600752644874
wdh1ucl6,n3_k1_nomob,VDN_PS,52.43247553411494,5000,0.14933089728441362,52.32149006540715,52.543461152625696
wps6sce6,n3_k1_nomob,VDN_PS,52.16194571526262,35000,0.14340082672649324,52.06030236855128,52.26358904637716
ws0eukir,n3_k1_nomob,VDN_PS,51.16461026566837,10000,0.12153902379807935,51.02888864239015,51.30033189098082
7wx128lt,n3_k1_nomob,VDN_PS,50.83745412707727,10000,0.11436769239538092,50.73477537406368,50.94013287613469
awc0x0ld,n3_k1_nomob,VDN_PS,51.59248310383966,49999,0.1309180864497954,51.479436566081326,51.70552963678809
fuzfdysk,n3_k2_nomob,VDN_PS,146.5349841181046,30000,0.02860440908398565,146.1958597329482,146.87410853193674
dpd97jrl,n3_k2_nomob,VDN_PS,145.81915012361424,40000,0.023579602159302437,145.50767453823133,146.13062569736437
rzhtxp26,n3_k2_nomob,VDN_PS,145.7457545828428,35000,0.02306440111499919,145.43015714675883,146.06135201858538
kg21y9u2,n3_k2_nomob,VDN_PS,145.76537039557974,45000,0.023202094592023936,145.44974737635934,146.08099343502678
sloxiajy,n3_k2_nomob,VDN_PS,145.8756836280389,40000,0.02397643989919196,145.56237848110243,146.18898874713852
s6tyibr0,n3_k2_nomob,VDN_PS,145.8615656024453,15000,0.023877338217361377,145.54634727812854,146.1767839184657
dogye6er,n3_k2_nomob,VDN_PS,146.64216299815342,15000,0.02935675275974603,146.29443652497181,146.98988949759595
qk2z6m7a,n3_k2_nomob,VDN_PS,146.59855549436034,45000,0.02905064926548029,146.24932337253813,146.9477876288962
p6nt3uhm,n3_k2_nomob,VDN_PS,146.7629166965307,40000,0.030204385066199047,146.424842687082,147.1009906843093
p5jwkw7p,n3_k2_nomob,VDN_PS,147.02173446430746,40000,0.03202116007516098,146.6615956849725,147.38187322211672
9z2kvhio,n3_k3_nomob,VDN_PS,418.9632972366499,35000,-0.0001830440133402389,417.99160410529197,419.93499039513523
k07cte96,n3_k3_nomob,VDN_PS,419.1577206195353,40000,0.00028092931351486605,418.1875944898878,420.1278467840685
m6bhv1fw,n3_k3_nomob,VDN_PS,419.1472800709913,25000,0.0002560139151186469,418.17629144343834,420.11826882679486
7s4k34zv,n3_k3_nomob,VDN_PS,418.9786480908203,25000,-0.00014641062709941366,418.00606285738195,419.95123335538665
nvquy08w,n3_k3_nomob,VDN_PS,419.0976010943777,10000,0.0001374596563041841,418.1198629842709,420.07533919788847
wrzb5cyx,n3_k3_nomob,VDN_PS,419.1487290204865,20000,0.0002594716983734813,418.1793600364282,420.11809805591804
z6xux99p,n3_k3_nomob,VDN_PS,419.2552694910861,45000,0.0005137206259213656,418.2797382271992,420.2308006637921
1muj48fo,n3_k3_nomob,VDN_PS,418.7937108872624,45000,-0.0005877460689613923,417.8288496631758,419.75857220251635
wqjogy3u,n3_k3_nomob,VDN_PS,419.35084637696514,40000,0.0007418059778663277,418.38101523963877,420.32067749260005
cmqpboyk,n3_k3_nomob,VDN_PS,418.7270031770327,35000,-0.0007469378173141639,417.7572838755254,419.6967224451228
cu6m64f7,n4_k1_nomob_fpf1.5,VDN_PS,40.02469308635362,10000,0.19298638111337185,39.93151594572159,40.11787022914795
2malbipr,n4_k1_nomob_fpf1.5,VDN_PS,39.4283598456585,10000,0.17521191790338309,39.33670438437419,39.52001532912297
2vhahg6m,n4_k1_nomob_fpf1.5,VDN_PS,43.70946422706356,15000,0.30281562524779626,43.610978905749434,43.80794956209648
5uiixoub,n4_k1_nomob_fpf1.5,VDN_PS,40.03799307684162,10000,0.1933828040787371,39.950489793554034,40.12549635270528
8itwnz0c,n4_k1_nomob_fpf1.5,VDN_PS,39.34506098159317,10000,0.17272909036045236,39.25572245625943,39.4343994981435
k49f1jd9,n4_k1_nomob_fpf1.5,VDN_PS,39.33552206844961,10000,0.1724447710417174,39.2468426233611,39.42420145311977
39b7xlok,n4_k1_nomob_fpf1.5,VDN_PS,39.397849558926936,10000,0.1743025203853037,39.30713683454674,39.48856226053077
grncxnm3,n4_k1_nomob_fpf1.5,VDN_PS,44.05876040162279,45000,0.3132268376042562,43.96338665286775,44.15413413961654
cod1bxb1,n4_k1_nomob_fpf1.5,VDN_PS,42.814857674386126,20000,0.27615075035428105,42.71873141077747,42.910983965618705
kljdu166,n4_k1_nomob_fpf1.5,VDN_PS,40.88034100463689,10000,0.2184900448475975,40.7883154122577,40.97236659351012
l23g4oue,n4_k2_nomob_fpf1.5,VDN_PS,105.91492583442047,30000,0.06063414614881313,105.7105763140173,106.11927536093997
9zm77zdo,n4_k2_nomob_fpf1.5,VDN_PS,105.92670300998194,10000,0.060752083016041736,105.7119735213738,106.14143248479076
zqi9t05a,n4_k2_nomob_fpf1.5,VDN_PS,103.9872500273002,10000,0.04133036278089541,103.79431880749841,104.18018120642522
8h62vrbh,n4_k2_nomob_fpf1.5,VDN_PS,105.64878227228768,40000,0.05796897929388822,105.45540025768949,105.84216427008914
r1uxq64m,n4_k2_nomob_fpf1.5,VDN_PS,106.49915439453065,49999,0.06648462241668995,106.30908151773063,106.68922729875955
f5rhkt4p,n4_k2_nomob_fpf1.5,VDN_PS,106.50911086924734,15000,0.06658432674992332,106.31443963328141,106.70378206731064
gl1ijeww,n4_k2_nomob_fpf1.5,VDN_PS,107.36940361503777,15000,0.07519931519164591,107.16646015488524,107.57234709788423
ouiojvao,n4_k2_nomob_fpf1.5,VDN_PS,106.964299734856,15000,0.071142596984338,106.77754674815476,107.15105271336257
1bwaqg6p,n4_k2_nomob_fpf1.5,VDN_PS,105.57830247255501,10000,0.057263193196024575,105.38527260957987,105.77133234754292
t3d9httt,n4_k2_nomob_fpf1.5,VDN_PS,107.27524278542359,30000,0.07425638679574997,107.07172535389137,107.47876021247674
cvlefgfp,n4_k3_nomob_fpf1.5,VDN_PS,233.28750524658784,25000,0.021220036975082568,232.77335491857718,233.80165560159492
jbaiwj6g,n4_k3_nomob_fpf1.5,VDN_PS,233.0901652681712,30000,0.020356177850513024,232.58822046038162,233.59211005422102
lzx2xakk,n4_k3_nomob_fpf1.5,VDN_PS,232.97316020501708,35000,0.01984398618900851,232.46034991356083,233.48597051421933
dm50zc2d,n4_k3_nomob_fpf1.5,VDN_PS,233.08323195135262,25000,0.02032582713777198,232.56956792955074,233.59689597318973
soindeix,n4_k3_nomob_fpf1.5,VDN_PS,232.53473363204301,25000,0.01792476638085727,232.0230665275461,233.0464007628744
1f8nnn7e,n4_k3_nomob_fpf1.5,VDN_PS,233.36418707681693,30000,0.02155571299604686,232.86058977333565,233.86778442069513
aer7r29m,n4_k3_nomob_fpf1.5,VDN_PS,232.82992214021746,40000,0.019216959114942478,232.3212814590265,233.33856285646422
dmina0er,n4_k3_nomob_fpf1.5,VDN_PS,232.63794660878324,30000,0.01837658294862221,232.12772538795807,233.1481677826657
hksw53eb,n4_k3_nomob_fpf1.5,VDN_PS,232.0374189851528,30000,0.015747763023782335,231.51385880600628,232.56097923583332
q1tdbcq4,n4_k3_nomob_fpf1.5,VDN_PS,232.194325043419,40000,0.016434621972592378,231.66634833134265,232.722301809496
fekz79ks,n4_k4_nomob_fpf1.5,VDN_PS,553.2165885604512,35000,-0.0015402592444074825,552.191544701424,554.2416325757976
nflo5spp,n4_k4_nomob_fpf1.5,VDN_PS,553.4019605467093,15000,-0.0012056950444722103,552.3671281611023,554.4367927904357
9w7i5u7d,n4_k4_nomob_fpf1.5,VDN_PS,553.4083530818411,30000,-0.001194157630189152,552.3728332267883,554.4438730074951
77twiwvp,n4_k4_nomob_fpf1.5,VDN_PS,553.9932435021342,15000,-0.00013853213107706264,552.9420656832979,555.0444213267424
y58s516x,n4_k4_nomob_fpf1.5,VDN_PS,554.253848306031,49999,0.0003318142220856135,553.2250653444204,555.2826312891856
u1mgz59i,n4_k4_nomob_fpf1.5,VDN_PS,554.3354931565644,40000,0.00047916897966748806,553.2992152759601,555.3717708772991
vyteokpm,n4_k4_nomob_fpf1.5,VDN_PS,554.133112575766,35000,0.00011390722429638345,553.1052613022929,555.1609637376852
66rqzhhh,n4_k4_nomob_fpf1.5,VDN_PS,553.8501699087419,25000,-0.00039675508736825016,552.8219487820517,554.8783909524453
yzifljq8,n4_k4_nomob_fpf1.5,VDN_PS,553.4623863259794,15000,-0.0010966370206303422,552.4293329163206,554.4954398177492
gbvis79j,n4_k4_nomob_fpf1.5,VDN_PS,553.751338057729,5000,-0.0005751293920823741,552.7148072812263,554.7878689272698
ewshzz25,hard-1-of-4_infinite,IAC_PS,61.082296608726814,20000,0.21170991090511437,60.97356246119394,61.19103075326071
a6zz5pq4,hard-1-of-4_infinite,IAC_PS,222.23480714033462,49999,3.408546065073093,222.2330083079675,222.23659649671998
h0qxics0,hard-1-of-4_infinite,IAC_PS,65.0657976544375,49999,0.29073195108981364,64.94728856936185,65.18430674844059
5baokz3v,hard-1-of-4_infinite,IAC_PS,57.89644783904658,49999,0.14851116522607777,57.774839624117405,58.01805609556338
ot4857fh,hard-1-of-4_infinite,IAC_PS,68.44625035161586,25000,0.3577911198495509,68.32330288844645,68.56919778145254
ljnlf35f,hard-1-of-4_infinite,IAC_PS,60.78673601873843,20000,0.20584677680496788,60.66302568027125,60.910446371997736
r3eemcqx,hard-1-of-4_infinite,IAC_PS,222.23518385200035,45000,3.408553538028176,222.2341233611237,222.2362348670257
2a7c9que,hard-1-of-4_infinite,IAC_PS,66.77981504899223,40000,0.32473348639143507,66.66738426941586,66.89224578101442
u1bdqw6e,hard-1-of-4_infinite,IAC_PS,66.87960153480769,45000,0.32671298422550477,66.76139894349754,66.9978041443473
qf2hsag4,hard-1-of-4_infinite,IAC_PS,59.4709642923785,20000,0.17974537378255317,59.32659671784913,59.615331858315116
5c2kw6gf,hard-2-of-4_infinite,IAC_PS,172.29798685671835,10000,0.24322091678128555,171.97856047081123,172.61741324561942
3i9q94i2,hard-2-of-4_infinite,IAC_PS,150.1593062257507,20000,0.08347865088210327,149.8358141025212,150.4827983328578
vwjh4faw,hard-2-of-4_infinite,IAC_PS,147.07695073160173,30000,0.06123782907570341,146.7995160712155,147.35438537646215
9lj48zx3,hard-2-of-4_infinite,IAC_PS,146.67196029881453,45000,0.058315609342770136,146.38326609442618,146.96065448342415
t08949k2,hard-2-of-4_infinite,IAC_PS,157.4581221171622,15000,0.136143459969422,157.1136526742402,157.8025916313323
jb8tjbla,hard-2-of-4_infinite,IAC_PS,157.94817745838185,45000,0.13967946791530306,157.54568261326088,158.35067234592188
7l889ct3,hard-2-of-4_infinite,IAC_PS,149.33035259627894,40000,0.07749731291059203,149.05891282706463,149.601792342842
insx7qw5,hard-2-of-4_infinite,IAC_PS,151.70028701732696,35000,0.09459764064742737,151.38916013498135,152.01141388197118
mu1ve9b7,hard-2-of-4_infinite,IAC_PS,154.93360087446553,40000,0.11792770672101538,154.62288831996622,155.24431339313801
rx9gntnf,hard-2-of-4_infinite,IAC_PS,158.42820967006415,20000,0.14314315369120534,158.0554256353992,158.80099366353576
0jof10hz,hard-3-of-4_infinite,IAC_PS,339.1020502046453,49999,0.11572418058317813,338.44748420287704,339.75661626068495
6xvz1wua,hard-3-of-4_infinite,IAC_PS,326.6212229593992,49999,0.07465937209028128,325.84524451998163,327.3972014835889
xf2pzlev,hard-3-of-4_infinite,IAC_PS,386.9529231662005,35000,0.2731646206896341,386.6845620101848,387.2212820089802
xriryt6u,hard-3-of-4_infinite,IAC_PS,328.05253939214094,49999,0.0793687342221594,327.2740020774853,328.8310767121875
560nu7sr,hard-3-of-4_infinite,IAC_PS,313.01731059274664,49999,0.02989935377470676,312.2309587649543,313.8036623493951
lhymig0y,hard-3-of-4_infinite,IAC_PS,326.3465163337505,49999,0.07375552375135896,325.5942005000017,327.0988322105696
pwl5r1fh,hard-3-of-4_infinite,IAC_PS,384.10478914522974,15000,0.2637936009779547,384.1011366970096,384.10842674598354
rplpctcv,hard-3-of-4_infinite,IAC_PS,312.5886995527285,45000,0.028489124313916037,311.7657623106984,313.41163674829204
g0jljd5n,hard-3-of-4_infinite,IAC_PS,380.8996004269333,49999,0.253247788724158,380.80923860870377,380.9899603048704
ie6404vr,hard-3-of-4_infinite,IAC_PS,317.00924516586923,45000,0.0430337418677631,316.2152271050737,317.8032632426741
9bm7symf,hard-4-of-4_infinite,IAC_PS,907.9970637081258,15000,0.2146467930921767,907.3459574926029,908.6481697632565
nbnjemcq,hard-4-of-4_infinite,IAC_PS,938.6799499158404,20000,0.25569193610487795,938.6652755996407,938.6946672433768
rbjwix9z,hard-4-of-4_infinite,IAC_PS,870.6787496781375,10000,0.16472529855009443,869.8525381530394,871.5049603723512
zdicv6fs,hard-4-of-4_infinite,IAC_PS,854.5594613045486,20000,0.14316218704624317,853.8991835133485,855.2197390806456
k633ie7u,hard-4-of-4_infinite,IAC_PS,792.8143066405798,5000,0.06056439339778463,791.3663808359149,794.262232290916
o4w5p7jg,hard-4-of-4_infinite,IAC_PS,817.2228157932474,30000,0.0932161700955767,816.0154558874752,818.4301754748295
vvamgil5,hard-4-of-4_infinite,IAC_PS,756.8090928164755,5000,0.012399460652908978,755.2225246567083,758.3956608761285
9za9yua2,hard-4-of-4_infinite,IAC_PS,924.8767034386672,25000,0.2372270426180101,924.8766440722628,924.876726007083
q1hyeggi,hard-4-of-4_infinite,IAC_PS,908.6709207995013,25000,0.2155482259136654,908.1079412289496,909.2339029165582
uqrm98fo,hard-4-of-4_infinite,IAC_PS,883.6672435859277,5000,0.18210028036750914,882.2651902206879,885.0692967971344
61ut1rzy,n2_k1_nomob,IAC_PS,64.00871651822932,45000,0.21435622307397684,64.00870043211789,64.00873622635989
0v9smq6h,n2_k1_nomob,IAC_PS,62.918739751544976,30000,0.19367747584035233,,
xvjjeoy8,n2_k1_nomob,IAC_PS,65.73594746131174,45000,0.2471247858340304,65.73160839521853,65.74029300996335
q3txzgwx,n2_k1_nomob,IAC_PS,56.59077992629065,35000,0.07362511717493181,56.44470707191735,56.73685276641578
uz9nrznn,n2_k1_nomob,IAC_PS,58.63670413081507,35000,0.1124398431192386,58.48003966857432,58.79336860550404
0dw9zbt4,n2_k1_nomob,IAC_PS,56.88939482368,35000,0.0792903590149876,56.75742471776683,57.021364932310995
kuibekbv,n2_k1_nomob,IAC_PS,56.490808663331066,40000,0.07172848915445007,56.36426114885606,56.61735615474426
gcot2s3z,n2_k1_nomob,IAC_PS,63.40019380962163,15000,0.20281149325785686,63.39985421079799,63.40053206697301
qcd73y4i,n2_k1_nomob,IAC_PS,57.4550268749981,20000,0.09002137877059568,57.300591177535935,57.60946256555947
pxnfw0i4,n2_k1_nomob,IAC_PS,57.2070567684247,15000,0.08531695633512992,57.06260630879509,57.35150723074806
6lr5qs3l,n2_k2_nomob,IAC_PS,226.96622810122187,10000,0.18712395052681563,226.9662136914396,226.96623109707357
lhhv3aci,n2_k2_nomob,IAC_PS,191.7722792588027,25000,0.0030455528992243686,191.2680454186187,192.2765131005158
t5vnvo21,n2_k2_nomob,IAC_PS,190.87384405079322,10000,-0.0016536217856937263,190.3436339958693,191.4040540935777
gj6n7tii,n2_k2_nomob,IAC_PS,193.91672257807062,35000,0.014261847262255545,193.418254393167,194.41519071921397
hnnra5vf,n2_k2_nomob,IAC_PS,192.35607880762302,20000,0.006099057521957274,191.82930931806777,192.8828482922151
dg3wg19m,n2_k2_nomob,IAC_PS,226.966238006954,15000,0.18712400233774784,,
zwddzytj,n2_k2_nomob,IAC_PS,226.96622269989848,10000,0.1871239222757386,226.96618699161576,226.96624699397995
ljjphsye,n2_k2_nomob,IAC_PS,210.66259317284266,49999,0.10184943340573605,210.26445713493686,211.06072916419643
hvyk882c,n2_k2_nomob,IAC_PS,191.62241176865905,15000,0.0022616861167374935,191.1002905157832,192.14453300312246
0s7v6wsr,n2_k2_nomob,IAC_PS,226.966238006954,35000,0.18712400233774784,,
fjk5gx88,n3_k1_nomob,IAC_PS,51.132780625877174,20000,0.12084131139581711,51.00042188076704,51.265139394104786
vo9sr34l,n3_k1_nomob,IAC_PS,53.13817740150653,20000,0.1648000307213182,53.011437663235114,53.26491714656407
as3t9iji,n3_k1_nomob,IAC_PS,83.90909580159061,40000,0.8393050372992243,83.77095664590588,84.0472349495531
hb6wpsxn,n3_k1_nomob,IAC_PS,180.00356982324428,49999,2.945716129400357,180.00303430819437,180.0041082049282
ds8k2fin,n3_k1_nomob,IAC_PS,71.81303971400199,45000,0.574156942437571,71.6367883603895,71.98929107400532
sks2bypo,n3_k1_nomob,IAC_PS,180.00384378156244,5000,2.9457221346243414,,
x5b4r6dr,n3_k1_nomob,IAC_PS,53.98665782423159,45000,0.18339890013659788,53.88096472254719,54.09235090571437
7ukdsxyc,n3_k1_nomob,IAC_PS,180.00313045197387,5000,2.9457064982896513,180.00212247124452,180.00414129950744
ekeapnuv,n3_k1_nomob,IAC_PS,53.21724759242307,20000,0.16653326594526696,53.13098083907147,53.30351434155445
3xt01r8h,n3_k1_nomob,IAC_PS,50.97005792479964,20000,0.11727439554580532,50.83324259466313,51.106873268278605
stm4r4tf,n3_k2_nomob,IAC_PS,327.66736844209703,0,1.3000657619127964,326.9546679224699,328.38006897297686
8glp88k1,n3_k2_nomob,IAC_PS,175.22890777389816,35000,0.23002181506316255,175.22772497185954,175.23008555365314
fpxk9oll,n3_k2_nomob,IAC_PS,147.30827322784964,49999,0.03403252300891224,147.0308697248328,147.58567672971125
3maij6r1,n3_k2_nomob,IAC_PS,178.87797666205708,15000,0.255636506121417,,
99snn9cr,n3_k2_nomob,IAC_PS,148.5809193210944,30000,0.04296588039515936,148.21262121000896,148.94921741986624
bc3xsoe2,n3_k2_nomob,IAC_PS,155.93659077236182,49999,0.09459912096280942,155.4690315418184,156.40415001618024
zgzrl757,n3_k2_nomob,IAC_PS,177.79885544623,15000,0.24806159936985805,177.79161996280615,177.80609019924216
itib6th5,n3_k2_nomob,IAC_PS,148.6117826060435,49999,0.04318252566364933,148.27461799784555,148.94894726773367
islh21wq,n3_k2_nomob,IAC_PS,177.4138316078104,20000,0.2453589190496308,,
jkvyh5h1,n3_k2_nomob,IAC_PS,150.58183349562492,30000,0.05701132595553071,150.26040948906007,150.9032574845117
n8uq0e13,n3_k3_nomob,IAC_PS,493.82073837570886,40000,0.17845727943802214,493.4363539537882,494.2051234046102
7ad5ilpn,n3_k3_nomob,IAC_PS,431.1223112054752,45000,0.028833312346017603,430.24013002996674,432.00449238916167
c1mlt406,n3_k3_nomob,IAC_PS,458.03418614019523,5000,0.09305599976182521,457.36920297608094,458.69916926635074
m19a0dc2,n3_k3_nomob,IAC_PS,464.0810825710277,49999,0.10748635588733224,463.3433522744497,464.81881280977876
qcbbhnnh,n3_k3_nomob,IAC_PS,512.4299036905174,20000,0.22286632228550363,512.4296993536537,512.4301159344321
731owgqe,n3_k3_nomob,IAC_PS,500.24986474610006,20000,0.19379979177668005,499.7962100602688,500.7035201179539
pn5hxyyx,n3_k3_nomob,IAC_PS,430.02491387716935,25000,0.026214475651893165,429.14566151365943,430.9041662358218
j0sjiwqu,n3_k3_nomob,IAC_PS,485.9341414486514,20000,0.15963664912335673,485.2395685663531,486.62871478813906
vin2ocem,n3_k3_nomob,IAC_PS,477.6502123877158,15000,0.13986782261291464,476.9562520998286,478.3441727893926
olwp1mbx,n3_k3_nomob,IAC_PS,494.0344026219749,49999,0.1789671692964272,493.6502418955651,494.4185638454017
zgkz3lb2,n4_k1_nomob_fpf1.5,IAC_PS,111.11716369300943,15000,2.311986995320699,111.11617833123363,111.11814431677662
g7yfs0tx,n4_k1_nomob_fpf1.5,IAC_PS,111.11714556309705,40000,2.311986454935829,111.11615034847021,111.118136039927
h47vojor,n4_k1_nomob_fpf1.5,IAC_PS,111.1175703151602,30000,2.311999115205967,111.1169977131639,111.11813817917007
cq8tp0hh,n4_k1_nomob_fpf1.5,IAC_PS,111.11752122314967,15000,2.311997651956771,111.11685240253574,111.11818530574674
em6sn7oz,n4_k1_nomob_fpf1.5,IAC_PS,111.11775388846256,40000,2.312004586839421,111.11754108352997,111.11796195541046
oui3235u,n4_k1_nomob_fpf1.5,IAC_PS,111.11732533274375,25000,2.3119918131965354,111.11647037445445,111.11817555312734
3skkj6pj,n4_k1_nomob_fpf1.5,IAC_PS,111.11732676063592,25000,2.3119918557566597,111.11626829274906,111.1183804906677
z8msurgr,n4_k1_nomob_fpf1.5,IAC_PS,49.76471715422457,49999,0.4833000642093763,49.67474738701063,49.85468691356463
7rnz4140,n4_k1_nomob_fpf1.5,IAC_PS,111.11740508792039,20000,2.311994190400012,111.11650864659266,111.11829679133457
ubu8c849,n4_k1_nomob_fpf1.5,IAC_PS,111.11728419341866,10000,2.3119905869871435,111.11644474924206,111.11811889974474
mob94ab4,n4_k2_nomob_fpf1.5,IAC_PS,112.42317046672305,40000,0.1258078356371224,112.19737024866446,112.64897068853035
trq1rp7o,n4_k2_nomob_fpf1.5,IAC_PS,106.36653024327259,30000,0.06515652156291396,106.14473186581412,106.58832861899575
ic3guckn,n4_k2_nomob_fpf1.5,IAC_PS,119.09247329560148,35000,0.1925943650671087,119.08493695191872,119.10000950926293
bc7dpe5p,n4_k2_nomob_fpf1.5,IAC_PS,114.3519894064759,20000,0.1451230663576597,114.12658694696431,114.57739187559123
p7gsfy7z,n4_k2_nomob_fpf1.5,IAC_PS,108.09079625955282,20000,0.08242335529293832,107.88221835721944,108.29937415521647
mm3gtyqv,n4_k2_nomob_fpf1.5,IAC_PS,106.73783035532,40000,0.06887472817264162,106.57263391285422,106.90302675952434
amy5l4fi,n4_k2_nomob_fpf1.5,IAC_PS,110.47880691187878,45000,0.10633694083595802,110.24972360960942,110.70789019783993
7b8rpcn5,n4_k2_nomob_fpf1.5,IAC_PS,117.20598602021317,25000,0.1737030444643819,116.94714565725214,117.46482639314765
zuebje6l,n4_k2_nomob_fpf1.5,IAC_PS,121.49198210879133,49999,0.21662309341869945,121.49185424340783,121.4921042325443
zstu0dmp,n4_k2_nomob_fpf1.5,IAC_PS,107.70831715390463,45000,0.07859320202187692,107.50406904678333,107.91256525249493
gfgyt285,n4_k3_nomob_fpf1.5,IAC_PS,252.40130312743452,40000,0.1048910135152974,251.9074414039888,252.8951648463164
qexpm4lz,n4_k3_nomob_fpf1.5,IAC_PS,268.648047947445,49999,0.17601141633446415,268.3475621725765,268.94853352963304
8kfgoz10,n4_k3_nomob_fpf1.5,IAC_PS,295.27979593015453,5000,0.2925923477944079,295.25901041104987,295.3005723373632
gyc1m7wj,n4_k3_nomob_fpf1.5,IAC_PS,305.87503732029506,10000,0.3389731978650634,305.8702621745779,305.8797859449289
ilq4z77k,n4_k3_nomob_fpf1.5,IAC_PS,256.14991521061205,49999,0.12130062690689924,255.70966717988054,256.59016327269507
tkxndtz6,n4_k3_nomob_fpf1.5,IAC_PS,237.7149917877676,30000,0.04060143489654866,237.21137468259835,238.21860893518422
vlxmqhqv,n4_k3_nomob_fpf1.5,IAC_PS,296.74279409651024,15000,0.2989966472443979,296.74243659265517,296.7431218466759
3s78u5g8,n4_k3_nomob_fpf1.5,IAC_PS,248.52853632513248,49999,0.08793791072111934,247.96680283978046,249.09026985591353
413tzag4,n4_k3_nomob_fpf1.5,IAC_PS,238.57352995253015,49999,0.04435970037003223,237.99271021916647,239.15434964411477
co82hg5c,n4_k3_nomob_fpf1.5,IAC_PS,260.95091077146833,25000,0.14231706693866375,260.51575546161985,261.3860661472669
dn0n6w90,n4_k4_nomob_fpf1.5,IAC_PS,689.2824496047492,15000,0.24403495876829484,689.2820272668498,689.2828623803671
1msvg6pa,n4_k4_nomob_fpf1.5,IAC_PS,666.1892217311719,25000,0.2023556982532384,665.4794976090524,666.8989457826711
aa13pe3h,n4_k4_nomob_fpf1.5,IAC_PS,654.6175009415908,40000,0.18147075449237593,653.7528179875175,655.4821842500313
qhtw2j2k,n4_k4_nomob_fpf1.5,IAC_PS,647.9352141754266,5000,0.16941038889567483,647.1701488071649,648.7002794673713
c785teeq,n4_k4_nomob_fpf1.5,IAC_PS,707.5176907012653,15000,0.27694639793034326,707.5173451328011,707.5180794326285
t32wd5ns,n4_k4_nomob_fpf1.5,IAC_PS,638.264182008763,45000,0.15195585757893926,637.4511359111755,639.0772283313781
p3ll97rr,n4_k4_nomob_fpf1.5,IAC_PS,692.5666104898947,10000,0.24996229806684123,691.9997308030158,693.133477561242
mesrbpwt,n4_k4_nomob_fpf1.5,IAC_PS,620.9460872156002,20000,0.1206997080072918,619.9289679216191,621.9632064701656
rvqgn6mr,n4_k4_nomob_fpf1.5,IAC_PS,651.8196786400148,45000,0.176421171765327,651.0597609943331,652.5795959343777
m70mc91q,n4_k4_nomob_fpf1.5,IAC_PS,635.9635939206037,5000,0.14780369614056643,635.1741794165775,636.7530085100582
lw44cc1y,hard-1-of-4_infinite,IPPO_PS,55.92095942644803,19999744,0.10932274204419823,55.82940432956932,56.01251451949836
ioysqre1,hard-1-of-4_infinite,IPPO_PS,56.427746453648,19999744,0.11937604549986114,56.329165166960244,56.52632776059102
hifmmit2,hard-1-of-4_infinite,IPPO_PS,55.604494826572285,19999744,0.10304492812085475,55.51103563452626,55.697954028559685
mwecgpr2,hard-1-of-4_infinite,IPPO_PS,55.42880179546311,19999744,0.09955964680545759,55.33688564742499,55.520717956109706
9xbxu4e4,hard-1-of-4_infinite,IPPO_PS,57.897806187513844,19999744,0.14853811123812433,57.800355571216755,57.99525680026609
qa61rrvz,hard-1-of-4_infinite,IPPO_PS,54.75181704548807,19999744,0.08613007430049735,54.66481688488625,54.83881721810677
d17gjqi0,hard-1-of-4_infinite,IPPO_PS,55.61850185264988,19999744,0.10332279017357426,55.535887054321826,55.70111664513343
xmug7z1b,hard-1-of-4_infinite,IPPO_PS,60.234722596219164,19999744,0.19489630224596644,60.13910906970726,60.33033612755074
wopfb027,hard-1-of-4_infinite,IPPO_PS,55.90299977253881,19999744,0.10896647039354912,55.81530318619425,55.99069635032003
dzk0tcs6,hard-1-of-4_infinite,IPPO_PS,62.58325331034074,19999744,0.24148489010792984,62.46890898560059,62.69759764602172
wkrwmeso,hard-2-of-4_infinite,IPPO_PS,150.52388513447153,19999744,0.08610928013905417,150.24381585930107,150.8039544161201
vpbt4lsg,hard-2-of-4_infinite,IPPO_PS,150.0989979927152,19999744,0.08304349514911036,149.81284765970736,150.38514833325831
b1362673,hard-2-of-4_infinite,IPPO_PS,150.21853646934028,19999744,0.08390602835226413,149.93588613611908,150.5011868252304
wlrxsqmg,hard-2-of-4_infinite,IPPO_PS,145.99478387654807,19999744,0.053429424031662176,145.73355416519888,146.25601360617867
lm4zx2b9,hard-2-of-4_infinite,IPPO_PS,147.30579399309443,19999744,0.06288905399447597,147.0280551561797,147.58353286620493
7dhedgde,hard-2-of-4_infinite,IPPO_PS,150.36499370303062,18003968,0.08496279459579048,150.08865213139708,150.6413352326471
obxsjjbi,hard-2-of-4_infinite,IPPO_PS,149.06870319054732,19999744,0.07560937434553239,148.78610260778294,149.35130376344813
4gu3lj7b,hard-2-of-4_infinite,IPPO_PS,147.6302456446133,18003968,0.06523014391091198,147.34579470014282,147.91469662081053
8vfo7m1j,hard-2-of-4_infinite,IPPO_PS,148.8170601954555,16003584,0.07379363731478095,148.53873909975508,149.09538131314778
4h5sapli,hard-2-of-4_infinite,IPPO_PS,150.43790345007906,19999744,0.08548887690366591,150.14621093396613,150.72959597239065
mjl52t1k,hard-3-of-4_infinite,IPPO_PS,311.73209514696083,12002816,0.02567069768354835,310.93117742094694,312.5330128691227
57qb0tlt,hard-3-of-4_infinite,IPPO_PS,311.0079925804171,19999744,0.023288232752334714,310.20141141285313,311.8145737865793
akbkcf6u,hard-3-of-4_infinite,IPPO_PS,311.1376697296163,14003200,0.02371490056794756,310.3516765745628,311.92366287291645
ctr4f4bw,hard-3-of-4_infinite,IPPO_PS,310.6718149138398,16003584,0.022182130470304928,309.8820016234426,311.46162825967514
ujzrl7yr,hard-3-of-4_infinite,IPPO_PS,310.77743023005866,19999744,0.022529629289832043,309.98832698612097,311.56653340679287
g29dcbu6,hard-3-of-4_infinite,IPPO_PS,310.9841396190266,18003968,0.023209750992092326,310.2070713909454,311.76120782002266
lwh4chgm,hard-3-of-4_infinite,IPPO_PS,310.9706747173711,8002048,0.02316544835116985,310.1647966650369,311.77655272308573
e8dl4i9y,hard-3-of-4_infinite,IPPO_PS,311.370520742122,14003200,0.024481034258289736,310.5757681874613,312.1652732572409
5kwma61o,hard-3-of-4_infinite,IPPO_PS,310.63420689002277,14003200,0.022058391373088515,309.8414709971169,311.4269427980491
pp1wus3y,hard-3-of-4_infinite,IPPO_PS,311.2699034655396,12002816,0.0241499801452294,310.4619459273202,312.07786103328164
nsz7a76z,hard-4-of-4_infinite,IPPO_PS,750.0227254379391,14003200,0.0033211941005688583,748.4520238219442,751.5934269522867
epx543c2,hard-4-of-4_infinite,IPPO_PS,752.3680918573815,19999744,0.0064586401495325685,750.7965659474198,753.9396175907882
gev76qkl,hard-4-of-4_infinite,IPPO_PS,751.4827109330072,4001280,0.0052742474422871055,749.8410107579488,753.1244110795145
50c7uatj,hard-4-of-4_infinite,IPPO_PS,750.2400392779373,10002432,0.0036118994006171246,748.638052550387,751.8420259389928
y0ibjhcl,hard-4-of-4_infinite,IPPO_PS,749.1634016069956,4001280,0.002171658515926378,747.6048004398035,750.722002890885
fffclqu4,hard-4-of-4_infinite,IPPO_PS,751.724880584921,18003968,0.005598202885358727,750.103078787076,753.3466824964934
pla6wbuf,hard-4-of-4_infinite,IPPO_PS,750.2182160272743,16003584,0.0035827059786424087,748.617315852566,751.8191161518284
n2e65oop,hard-4-of-4_infinite,IPPO_PS,750.0843626089768,18003968,0.0034036474422463048,748.5099163144738,751.6588089150183
0uzkqc7b,hard-4-of-4_infinite,IPPO_PS,751.2304538337766,12002816,0.004936797808513971,749.6446738112886,752.8162339188139
ny5jn4vp,hard-4-of-4_infinite,IPPO_PS,750.1630549637067,10002432,0.003508915862304063,748.5654710912441,751.7606386673618
6kn6amxi,n2_k1_nomob,IPPO_PS,56.85186641473833,10002432,0.07857838009368878,56.69954720698556,57.00418561880866
i5y0g1fm,n2_k1_nomob,IPPO_PS,56.762208608888,10002432,0.07687741621870625,56.60992973126617,56.91448749785217
3dd0s6g1,n2_k1_nomob,IPPO_PS,56.79672584337985,6001664,0.07753226794497925,56.6448349724818,56.948616697478215
98hsds01,n2_k1_nomob,IPPO_PS,56.660056767306195,10002432,0.07493941884473898,56.507229246099314,56.81288430109231
saslry2g,n2_k1_nomob,IPPO_PS,56.67977895032658,8002048,0.07531358281780642,56.539564959577326,56.819992944990396
bzu6euap,n2_k1_nomob,IPPO_PS,56.84216604496899,2000896,0.07839434727696815,56.691024805027666,56.993307290271105
m8kjw3si,n2_k1_nomob,IPPO_PS,56.72392977758743,18003968,0.07615120048543789,56.581739649511384,56.8661199100246
mfcx5fkm,n2_k1_nomob,IPPO_PS,56.6326085973034,10002432,0.07441867951628534,56.49655840685972,56.768658785923634
067wrynd,n2_k1_nomob,IPPO_PS,56.80666132894166,6001664,0.0777207613155313,56.65620310957554,56.95711954484341
54jgc1j6,n2_k1_nomob,IPPO_PS,57.017477763286244,2000896,0.08172031423422954,56.858643430934215,57.17631209511254
5ya5q5mn,n2_k2_nomob,IPPO_PS,191.22688586140205,14003200,0.00019292777552193385,190.6974861952652,191.75628557681424
91z9ufie,n2_k2_nomob,IPPO_PS,191.7504703369284,8002048,0.00293148353432926,191.2320709268175,192.26886973304883
68hx5usj,n2_k2_nomob,IPPO_PS,191.67150985952466,18003968,0.002518488726003687,191.15614795481858,192.18687173657239
xg54n42s,n2_k2_nomob,IPPO_PS,191.6214750643679,14003200,0.0022567867794753838,191.10093856192657,192.14201154244353
2rz8siie,n2_k2_nomob,IPPO_PS,191.42059411451015,16003584,0.0012060992442604057,190.89767399436462,191.94351429008972
peyamq4n,n2_k2_nomob,IPPO_PS,191.5456069086406,14003200,0.0018599660475997482,191.01521055142067,192.07600326236107
g59q0obx,n2_k2_nomob,IPPO_PS,191.89028872998978,16003584,0.0036627895286875933,191.3615233401099,192.41905407787414
2p7wjt7r,n2_k2_nomob,IPPO_PS,191.2473343270134,12002816,0.0002998814112318282,190.7340146956798,191.76065405615125
79ngjbxk,n2_k2_nomob,IPPO_PS,191.75697634167412,6001664,0.002965512535562098,191.23948467782552,192.27446801008645
n1tsdpau,n2_k2_nomob,IPPO_PS,191.6434231489139,12002816,0.002371584020680606,191.11393171910888,192.1729145422589
0zxbzvgw,n3_k1_nomob,IPPO_PS,53.23066091171621,12002816,0.1668272887267912,53.10735876775992,53.35396305581796
55n42jvc,n3_k1_nomob,IPPO_PS,52.0423619443756,19999744,0.14077952530415616,51.92159398342542,52.16312989389011
kx0isul4,n3_k1_nomob,IPPO_PS,53.49853519831828,19999744,0.17269914945897158,53.376213248895304,53.6208571442474
y6z9eqrt,n3_k1_nomob,IPPO_PS,52.36218641378643,14003200,0.1477901449755905,52.239752832683344,52.484619990230776
ykdseqez,n3_k1_nomob,IPPO_PS,51.14364666796334,19999744,0.12107949732493073,51.02558024866158,51.26171309152549
kcaet5u5,n3_k1_nomob,IPPO_PS,51.83367171952116,14003200,0.1362049916598238,51.718203270235584,51.949140165185405
k3pwlkqd,n3_k1_nomob,IPPO_PS,52.11119443034869,19999744,0.142288347881383,51.99178626479147,52.23060259268762
9gyu5aem,n3_k1_nomob,IPPO_PS,52.91801601882051,16003584,0.15997404688339567,52.79043466225849,53.045597376392024
ifo1wyz2,n3_k1_nomob,IPPO_PS,49.65953327647904,19999744,0.08854741947564748,49.54686147853532,49.772205062239976
q59dzp52,n3_k1_nomob,IPPO_PS,52.5589855163553,19999744,0.15210402271712642,52.4343339772871,52.68363705662937
n6v08xxa,n3_k2_nomob,IPPO_PS,146.45596804693972,16003584,0.028049754646495284,146.1296715769206,146.78226455009354
1to2c4cw,n3_k2_nomob,IPPO_PS,148.16345283854528,8002048,0.040035468472169544,147.80267052993423,148.52423517872205
qjvgzqkm,n3_k2_nomob,IPPO_PS,146.87180168391706,8002048,0.03096870478672642,146.53443176198468,147.20917161406052
jqc7zygb,n3_k2_nomob,IPPO_PS,147.33618880486276,19999744,0.034228476799541996,147.00387637568545,147.6685012518399
06xx4x7c,n3_k2_nomob,IPPO_PS,147.98906836676812,4001280,0.038811374187618375,147.6085413103495,148.3695953934469
j9wh98cz,n3_k2_nomob,IPPO_PS,147.2856952383154,12002816,0.03387403648964904,146.95423284290843,147.61715765132374
0mfpjbtf,n3_k2_nomob,IPPO_PS,147.51370977860714,8002048,0.03547458780434587,147.16829010484642,147.8591294425016
cj11zj37,n3_k2_nomob,IPPO_PS,147.46773689888406,19999744,0.03515188052003393,147.11383617750207,147.8216376571079
t1w863d6,n3_k2_nomob,IPPO_PS,147.88084228868348,18003968,0.038051679690323414,147.52634636001923,148.2353382132687
26iqefh1,n3_k2_nomob,IPPO_PS,147.7577457455105,4001280,0.037187601751442534,147.41467556889953,148.1008159341675
msaavyaj,n3_k3_nomob,IPPO_PS,420.03047021427346,6001664,0.0023636650779721435,419.06981325441814,420.99112728955765
oycaaoy6,n3_k3_nomob,IPPO_PS,420.1172848309377,16003584,0.0025708400891029104,419.1201017085839,421.1144679230689
dvcdi7sz,n3_k3_nomob,IPPO_PS,419.51110338380573,18003968,0.0011242444248895644,418.53138545275885,420.4908211602477
pioz3ie9,n3_k3_nomob,IPPO_PS,420.29874874072283,4001280,0.003003886838303771,419.32228133229324,421.2752161777775
ft4oktbq,n3_k3_nomob,IPPO_PS,420.09789894700987,10002432,0.0025245774795004117,419.10087503216255,421.09492290195
k6sbngib,n3_k3_nomob,IPPO_PS,420.076450464718,12002816,0.0024733926706710374,419.1154373217443,421.03746365130866
efc3a7d8,n3_k3_nomob,IPPO_PS,419.85347862810664,2000896,0.00194129111327479,418.8898736043683,420.8170836244831
m09fsums,n3_k3_nomob,IPPO_PS,419.5455125472377,19999744,0.0012063586942478999,418.57556326640196,420.51546178440987
qwu5wc38,n3_k3_nomob,IPPO_PS,419.6869103842679,18003968,0.0015437914859390833,418.70676170153257,420.66705910031675
etihb60j,n3_k3_nomob,IPPO_PS,420.35350369769486,10002432,0.00313455445230737,419.375374621245,421.33163286944716
x1ekofjo,n4_k1_nomob_fpf1.5,IPPO_PS,39.13985904976892,19999744,0.16661278836867144,39.05636882906924,39.2233492728423
wp13plhr,n4_k1_nomob_fpf1.5,IPPO_PS,36.71032988337108,19999744,0.09419761202298305,36.64095828815911,36.7797014732125
x7r12p9n,n4_k1_nomob_fpf1.5,IPPO_PS,37.62624381661206,19999744,0.12149758022688717,37.56292920046417,37.68955842917832
31qnupto,n4_k1_nomob_fpf1.5,IPPO_PS,41.53864880131642,18003968,0.23811173774415573,41.45145619670777,41.62584138847443
otv66w7g,n4_k1_nomob_fpf1.5,IPPO_PS,38.29603305962698,16003584,0.14146149209022307,38.21825270817134,38.37381340546276
1dh8l3bf,n4_k1_nomob_fpf1.5,IPPO_PS,38.242332392997454,18003968,0.13986087609530418,38.167303259360374,38.317361525986605
qy2nkljg,n4_k1_nomob_fpf1.5,IPPO_PS,38.539462227038115,19999744,0.1487172049787815,38.46772297598489,38.611201475022945
hxfm6ncl,n4_k1_nomob_fpf1.5,IPPO_PS,38.40934384149387,19999744,0.14483886263767132,38.334114227363976,38.4845734477497
mtnjsm5m,n4_k1_nomob_fpf1.5,IPPO_PS,38.33371475829675,19999744,0.1425846425721835,38.2543880160956,38.413041492857495
hpea3y5b,n4_k1_nomob_fpf1.5,IPPO_PS,39.96778008090794,18003968,0.19129001731469297,39.88518510054106,40.05037505928522
gtkn11o8,n4_k2_nomob_fpf1.5,IPPO_PS,105.21311873253178,18003968,0.05360623605579584,105.0138658540354,105.41237164935967
pkscg21o,n4_k2_nomob_fpf1.5,IPPO_PS,105.18839056505594,19999744,0.053358607701341265,104.98825057727629,105.38853055122561
os92uvr8,n4_k2_nomob_fpf1.5,IPPO_PS,105.0577520191324,16003584,0.0520503907383576,104.85798506541127,105.25751896412976
ylp3cldj,n4_k2_nomob_fpf1.5,IPPO_PS,105.51181492226604,16003584,0.056597385562447755,105.3126915972103,105.71093824844705
bdalildo,n4_k2_nomob_fpf1.5,IPPO_PS,105.2348057613511,18003968,0.05382341038805416,105.03507743312794,105.43453407146497
xfe9sctq,n4_k2_nomob_fpf1.5,IPPO_PS,106.26252770999041,16003584,0.06411503815331865,106.05883989077934,106.4662155025541
phg3oqv7,n4_k2_nomob_fpf1.5,IPPO_PS,104.14155522737433,18003968,0.04287557808305964,103.94657876011036,104.33653166633465
n4gxrcsk,n4_k2_nomob_fpf1.5,IPPO_PS,104.45171336925857,19999744,0.045981507803510624,104.25899735384779,104.64442938458605
c4ej9q24,n4_k2_nomob_fpf1.5,IPPO_PS,106.67978349565534,10002432,0.06829344578064633,106.4728975173808,106.88666948129168
6oi1za0v,n4_k2_nomob_fpf1.5,IPPO_PS,106.24311231915644,18003968,0.06392061204843213,106.03685150163695,106.44937314557986
p6nv11xs,n4_k3_nomob_fpf1.5,IPPO_PS,233.4409110878329,16003584,0.021891573664125863,232.91994696456993,233.9618752352897
86lc8tqx,n4_k3_nomob_fpf1.5,IPPO_PS,233.0161955320527,12002816,0.020032374067819658,232.51115011620936,233.52124093847812
hjrbm1oa,n4_k3_nomob_fpf1.5,IPPO_PS,233.31235617168758,19999744,0.021328822323969376,232.8005748129408,233.82413751143054
qko9oshj,n4_k3_nomob_fpf1.5,IPPO_PS,233.4495317374011,2000896,0.0219293107047851,232.96553320516261,233.93353028215734
lekaeied,n4_k3_nomob_fpf1.5,IPPO_PS,233.0797751178193,10002432,0.020310694789963613,232.5657246050009,233.59382567164093
egs9lltp,n4_k3_nomob_fpf1.5,IPPO_PS,233.28973504681386,19999744,0.021229797963639774,232.78070974860515,233.79876028656633
69o6qazw,n4_k3_nomob_fpf1.5,IPPO_PS,233.29595720325636,10002432,0.021257035559693493,232.79164060411864,233.80027379003116
9jg17030,n4_k3_nomob_fpf1.5,IPPO_PS,232.53562878486755,16003584,0.017928684927629,232.0275055642739,233.04375207931133
hqi4iyji,n4_k3_nomob_fpf1.5,IPPO_PS,233.28927971297506,14003200,0.02122780473198671,232.779023384686,233.79953604722925
q2w9w3kj,n4_k3_nomob_fpf1.5,IPPO_PS,233.13422425358925,16003584,0.020549046811369598,232.61105884429352,233.65738965653046
8akx9fwg,n4_k4_nomob_fpf1.5,IPPO_PS,554.5265517408533,8002048,0.000823996500177282,553.4947281814448,555.5583752502569
mem41h3x,n4_k4_nomob_fpf1.5,IPPO_PS,554.9985518578815,10002432,0.0016758746329550434,553.9604616506417,556.036642077233
m2fe6781,n4_k4_nomob_fpf1.5,IPPO_PS,554.9795178663163,14003200,0.001641521588095829,553.9383453881563,556.0206903845486
n7z4cnn8,n4_k4_nomob_fpf1.5,IPPO_PS,555.6655518555707,14003200,0.0028796936408226337,554.6132682905333,556.7178353644046
zemmh3wd,n4_k4_nomob_fpf1.5,IPPO_PS,555.516594395923,14003200,0.0026108513291154267,554.4778711877169,556.5553175807462
hfyte1ji,n4_k4_nomob_fpf1.5,IPPO_PS,554.6028250035307,8002048,0.0009616564757715107,553.5716490291425,555.6340009725361
b7yjxf91,n4_k4_nomob_fpf1.5,IPPO_PS,555.9552046377025,8002048,0.0034024665434015944,554.9093701923201,557.0010388636186
ybjs83ce,n4_k4_nomob_fpf1.5,IPPO_PS,554.7942234993658,16003584,0.0013070974775131194,553.7584319842742,555.8300151058747
c3w1glg8,n4_k4_nomob_fpf1.5,IPPO_PS,555.3805427704225,2000896,0.0023653018037836926,554.3407002288045,556.4203853827678
04uxtzs5,n4_k4_nomob_fpf1.5,IPPO_PS,555.084379110731,4001280,0.0018307778994186563,554.0498436764558,556.1189145561186
og8w61am,hard-1-of-4_infinite,MAPPO_PS,54.71046939011296,19999744,0.08530984705639688,54.60370834785273,54.81723043358038
wyyrtef1,hard-1-of-4_infinite,MAPPO_PS,59.221121039432504,19999744,0.1747891497606131,59.1207127886438,59.32152928315644
vn3e61jv,hard-1-of-4_infinite,MAPPO_PS,54.16395885889793,16003584,0.07446853518940544,54.058135424448544,54.2697822930655
igsfj8yp,hard-1-of-4_infinite,MAPPO_PS,54.742249988209046,18003968,0.08594028939117337,54.65983986737883,54.8246601102289
w2d4xijs,hard-1-of-4_infinite,MAPPO_PS,64.55976368225056,19999744,0.2806935862378608,64.45415253625217,64.66537481676755
sv809zpb,hard-1-of-4_infinite,MAPPO_PS,61.97315756000653,18003968,0.22938221702056194,61.868028070436935,62.07828703954078
2o5pz7mc,hard-1-of-4_infinite,MAPPO_PS,57.10343685410872,19999744,0.1327799415613713,57.00579561865146,57.20107808629696
97tl6ywv,hard-1-of-4_infinite,MAPPO_PS,55.22126033568173,19999744,0.09544257757749919,55.13030334222651,55.31221733461523
hcbv6wot,hard-1-of-4_infinite,MAPPO_PS,56.41629759427158,19999744,0.11914893065406829,56.306622536332156,56.52597264772699
jy939krv,hard-1-of-4_infinite,MAPPO_PS,65.67308070128807,19999744,0.3027788276391208,65.56120246973072,65.78495892812694
m2fefhq9,hard-2-of-4_infinite,MAPPO_PS,154.4171483145857,19999744,0.11420122890963036,154.14315871183092,154.69113788065258
akztctmp,hard-2-of-4_infinite,MAPPO_PS,149.41724881895237,14003200,0.07812431502238515,149.13710494719382,149.69739266297464
5c1pdbck,hard-2-of-4_infinite,MAPPO_PS,148.88878060764793,16003584,0.0743111379439203,148.60925932640376,149.1683018753785
yq2o2s2l,hard-2-of-4_infinite,MAPPO_PS,149.64958661510548,10002432,0.07980075485320359,149.36826117309792,149.93091207359092
ge6nnsrm,hard-2-of-4_infinite,MAPPO_PS,148.0550378524974,12002816,0.06829524390286035,147.7709124927883,148.33916321705058
p25w17rq,hard-2-of-4_infinite,MAPPO_PS,149.281157749512,16003584,0.0771423461253482,148.99786568210405,149.56444979854783
ponavgig,hard-2-of-4_infinite,MAPPO_PS,149.44645763903034,19999744,0.07833507207612622,149.1756880628592,149.717227235679
si6e5301,hard-2-of-4_infinite,MAPPO_PS,148.6712667818545,16003584,0.07274166088357381,148.3890752960516,148.95345825031984
pvl8hr2q,hard-2-of-4_infinite,MAPPO_PS,148.07029221151936,18003968,0.06840531215469636,147.79447117936988,148.34611330946066
3re4tulx,hard-2-of-4_infinite,MAPPO_PS,148.469122109847,16003584,0.07128308037987585,148.19670567778024,148.741538540512
mlw1lwg0,hard-3-of-4_infinite,MAPPO_PS,310.9875768614355,8002048,0.023221060314662978,310.17277935416547,311.8023743840852
53jrkto6,hard-3-of-4_infinite,MAPPO_PS,311.31876149475585,18003968,0.0243107343623723,310.5130530080399,312.12446993690645
nitscrbo,hard-3-of-4_infinite,MAPPO_PS,310.36295615179216,16003584,0.02116591370312948,309.57707826281063,311.14883404065614
dvi8c2jw,hard-3-of-4_infinite,MAPPO_PS,311.03424175047047,12002816,0.02337459859332891,310.26428463018397,311.8041989454081
fc09wrj0,hard-3-of-4_infinite,MAPPO_PS,311.671246060803,10002432,0.025470490115496958,310.8602431825491,312.48224899533784
braf9484,hard-3-of-4_infinite,MAPPO_PS,310.677854163315,12002816,0.022202000997976423,309.8783218049947,311.47738659893594
f5sshdau,hard-3-of-4_infinite,MAPPO_PS,311.67365068143556,6001664,0.025478401873574752,310.87363239556004,312.47366903601954
d7rz7b3f,hard-3-of-4_infinite,MAPPO_PS,310.46525805411653,6001664,0.02150251062454034,309.64874054466264,311.2817755187223
hxyjrdyv,hard-3-of-4_infinite,MAPPO_PS,311.5689735413954,12002816,0.02513398987067883,310.75063712485553,312.387309928062
o21qyf5o,hard-3-of-4_infinite,MAPPO_PS,311.88714610161605,14003200,0.026180851188155385,311.078605927121,312.6956862104828
m6zpd0e1,hard-4-of-4_infinite,MAPPO_PS,749.5601538438264,6001664,0.0027024023381041484,747.9783927658125,751.1419150564532
fa7z61pw,hard-4-of-4_infinite,MAPPO_PS,749.626695577099,12002816,0.002791416615965714,748.0406662161021,751.212724949059
bdfgsf48,hard-4-of-4_infinite,MAPPO_PS,750.2324274363903,4001280,0.0036017168798863075,748.6502202211508,751.81463453715
2k6zafg3,hard-4-of-4_infinite,MAPPO_PS,750.2913023037182,8002048,0.003680475029721908,748.6804989867873,751.902105416594
8zfxrhlb,hard-4-of-4_infinite,MAPPO_PS,750.045036245453,12002816,0.0033510397376101952,748.426617155194,751.6634554494813
wpb95b4i,hard-4-of-4_infinite,MAPPO_PS,749.6110912537955,8002048,0.0027705423840804766,748.0168025846099,751.2053798842621
i0tg4rtn,hard-4-of-4_infinite,MAPPO_PS,748.2172615062607,16003584,0.0009059869789720398,746.6236635722561,749.8108594968968
e4pjvxc8,hard-4-of-4_infinite,MAPPO_PS,749.3690500200245,6001664,0.0024467587286627346,747.7937196194134,750.9443805008259
63ozpt8q,hard-4-of-4_infinite,MAPPO_PS,749.7986109133112,14003200,0.00302139138147961,748.1646320718867,751.4325896779912
q5e926k7,hard-4-of-4_infinite,MAPPO_PS,750.7749087164788,10002432,0.004327405512051241,749.1870625885851,752.362755083534
cdm006qp,n2_k1_nomob,MAPPO_PS,56.96815177603302,12002816,0.08078451481754922,56.81506632039687,57.12123722256043
kkbbqyd2,n2_k1_nomob,MAPPO_PS,56.88807346476992,4001280,0.07926529054771225,56.73405178004659,57.04209513346277
h1wcmaw7,n2_k1_nomob,MAPPO_PS,57.10096216585904,12002816,0.08330415795596724,56.94235189451857,57.25957242894487
8s13tb83,n2_k1_nomob,MAPPO_PS,56.95943570092137,6001664,0.08061915577540057,56.80392253246152,57.11494887008822
5n51xxhb,n2_k1_nomob,MAPPO_PS,56.844492501773786,10002432,0.07843848419225541,56.6998628392567,56.98912216728551
nwt0vkpi,n2_k1_nomob,MAPPO_PS,56.85262200293955,12002816,0.07859271491063446,56.70094326320376,57.00430074428831
bb6t4g4d,n2_k1_nomob,MAPPO_PS,57.101272750402856,12002816,0.08331005028273308,56.944231488783956,57.258314009911416
v5is0z07,n2_k1_nomob,MAPPO_PS,57.11290201181548,4001280,0.08353067751499665,56.95152198803464,57.27428205329379
krbtaj8k,n2_k1_nomob,MAPPO_PS,56.87635016531978,16003584,0.07904287925099185,56.72461781281817,57.02808252117765
wviynru3,n2_k1_nomob,MAPPO_PS,56.83037485144759,8002048,0.07817064791211514,56.67936968844376,56.98138001561203
84nrseqp,n2_k2_nomob,MAPPO_PS,191.37217616552502,6001664,0.0009528540484597947,190.84331541433005,191.90103689142558
6ttjugak,n2_k2_nomob,MAPPO_PS,191.57699572484515,6001664,0.002024142082980962,191.0627017227095,192.0912897087938
0ajkvu3s,n2_k2_nomob,MAPPO_PS,191.29122834808663,18003968,0.0005294646586464502,190.77688426047126,191.80557240586478
d124gbc1,n2_k2_nomob,MAPPO_PS,191.65169384020928,19999744,0.0024148430368182705,191.1212417218755,192.18214600326792
31big5oq,n2_k2_nomob,MAPPO_PS,191.527711325858,14003200,0.001766365007887405,191.00433231063525,192.05109029396377
cdhz61ld,n2_k2_nomob,MAPPO_PS,191.46749958521173,16003584,0.0014514335750390739,190.93678147146744,191.99821775323346
ylzig1b3,n2_k2_nomob,MAPPO_PS,191.3272524931027,14003200,0.0007178853135765273,190.79970051771468,191.85480449594192
hv31zjrb,n2_k2_nomob,MAPPO_PS,191.44616613310296,6001664,0.0013398511067679308,190.91942414388708,191.97290807954735
7f9h08pm,n2_k2_nomob,MAPPO_PS,191.84995890465208,2000896,0.003451848447366901,191.3241020798604,192.3758157160838
csziem5x,n2_k2_nomob,MAPPO_PS,191.13225509101167,18003968,-0.0003020289188154779,190.60244357009583,191.66206659363098
pv14brd7,n3_k1_nomob,MAPPO_PS,52.2922454936867,18003968,0.14625702528905538,52.1772642571141,52.40722672311051
7c2674j5,n3_k1_nomob,MAPPO_PS,52.26859372726582,18003968,0.14573857359197318,52.150644044643165,52.38654341123986
il3eu2d7,n3_k1_nomob,MAPPO_PS,52.092853089540085,18003968,0.14188630183121642,51.97640663711268,52.20929953331274
3s6u3l7d,n3_k1_nomob,MAPPO_PS,51.49164927838315,19999744,0.12870778777692138,51.36935094218476,51.61394760731475
fxt9g3q9,n3_k1_nomob,MAPPO_PS,51.76184461628554,18003968,0.1346305264420331,51.640150065671136,51.88353917623408
pm5hdhfw,n3_k1_nomob,MAPPO_PS,50.92896724417738,19999744,0.11637367917968833,50.813844168855866,51.044090318143645
w3vt8bdf,n3_k1_nomob,MAPPO_PS,52.584322384840085,14003200,0.15265941220605184,52.4717201364147,52.69692462877161
zlp0hjfm,n3_k1_nomob,MAPPO_PS,51.88206473265441,16003584,0.13726577669124107,51.762904829389235,52.00122463962398
aojj8wcw,n3_k1_nomob,MAPPO_PS,51.85491247894578,19999744,0.13667059357618982,51.74093389310792,51.968891061611615
1ydzf6b2,n3_k1_nomob,MAPPO_PS,53.37431459756732,12002816,0.16997620775027023,53.25364990795375,53.49497928859471
6lcqlar8,n3_k2_nomob,MAPPO_PS,147.44130686140377,14003200,0.03496635449532337,147.07630508869383,147.80630865833072
bbused60,n3_k2_nomob,MAPPO_PS,147.05252640232356,10002432,0.03223730452283835,146.71214319774705,147.3929096178047
iri0h9qz,n3_k2_nomob,MAPPO_PS,147.6668847101167,6001664,0.036549801418761074,147.32540313249805,148.00836632283946
80hnejfc,n3_k2_nomob,MAPPO_PS,147.20454620582638,16003584,0.033304409699749904,146.87327723531885,147.53581516877964
448fwx4g,n3_k2_nomob,MAPPO_PS,147.61079276258914,10002432,0.03615606319380271,147.25264628935165,147.96893924966506
bn9tt7d7,n3_k2_nomob,MAPPO_PS,147.78428974502583,8002048,0.037373927734282164,147.4222281642922,148.14635133853832
g064qmbs,n3_k2_nomob,MAPPO_PS,148.0094054393861,6001664,0.0389541305586556,147.64976480411198,148.3690460802874
e8h9wdgn,n3_k2_nomob,MAPPO_PS,147.75393002420026,2000896,0.03716081724133269,147.39103609643058,148.11682392001075
fbq1i6xg,n3_k2_nomob,MAPPO_PS,147.4352831841993,16003584,0.034924071207351526,147.08790257383643,147.78266383271873
x311o3ph,n3_k2_nomob,MAPPO_PS,147.55319611564326,4001280,0.035751762709836044,147.2042680123152,147.90212422450884
eg19v5ma,n3_k3_nomob,MAPPO_PS,419.95856145632206,14003200,0.0021920615127959397,418.9835875143786,420.9335353728895
ic9c7xz3,n3_k3_nomob,MAPPO_PS,419.9245970175889,19999744,0.002111008537583281,418.95400129284394,420.8951927014492
64kut5b2,n3_k3_nomob,MAPPO_PS,419.9258366335542,19999744,0.002113966765831865,418.9313390352715,420.92033430869213
et6i3bej,n3_k3_nomob,MAPPO_PS,420.2620348425363,14003200,0.0029162725337348316,419.28281820141535,421.2412514226081
xaasoh4d,n3_k3_nomob,MAPPO_PS,419.8425133607318,10002432,0.0019151235221739338,418.87235170312454,420.8126748773808
6a1nil1y,n3_k3_nomob,MAPPO_PS,418.6609848342161,14003200,-0.0009044844544290331,417.6973187894627,419.62465088888206
0fo3wv3o,n3_k3_nomob,MAPPO_PS,419.6855272129614,14003200,0.0015404906762155335,418.7107437663845,420.6603107139012
1n8i4afw,n3_k3_nomob,MAPPO_PS,419.91517805656923,12002816,0.002088531062832244,418.9516773686046,420.8786788325673
vd86mrwc,n3_k3_nomob,MAPPO_PS,420.2724161472938,14003200,0.002941046552342952,419.2948819358486,421.24995029376566
dgjywo5i,n3_k3_nomob,MAPPO_PS,419.5889671366811,12002816,0.001310059031789601,418.6225699726048,420.555364310995
j5yqabnu,n4_k1_nomob_fpf1.5,MAPPO_PS,38.61397614409974,18003968,0.15093818611325616,38.53287718117013,38.69507511102423
5s1odt8o,n4_k1_nomob_fpf1.5,MAPPO_PS,37.81560743752741,19999744,0.12714180141661435,37.73714235368182,37.89407251106809
7vxy6vys,n4_k1_nomob_fpf1.5,MAPPO_PS,37.80130696391504,19999744,0.12671555779180443,37.72451049405209,37.87810343701252
6yekylrp,n4_k1_nomob_fpf1.5,MAPPO_PS,39.34158124850756,18003968,0.17262537253375743,39.259407742257906,39.42375476098459
yiohkmy9,n4_k1_nomob_fpf1.5,MAPPO_PS,37.91461810891613,18003968,0.13009293916292508,37.83687445596644,37.99236177402547
qcfaoyhu,n4_k1_nomob_fpf1.5,MAPPO_PS,38.424638925407386,18003968,0.14529475187503404,38.34382763845076,38.50545020903955
on6fzpxy,n4_k1_nomob_fpf1.5,MAPPO_PS,39.26144710673478,16003584,0.17023687352413663,39.18033009248355,39.34256410640142
ndvc7mu6,n4_k1_nomob_fpf1.5,MAPPO_PS,37.535040958491386,18003968,0.11877916418752288,37.45729047035589,37.612791443019965
olmqvz57,n4_k1_nomob_fpf1.5,MAPPO_PS,37.795670024838614,18003968,0.12654754172395277,37.71701708643586,37.874322950175696
0lreseeb,n4_k1_nomob_fpf1.5,MAPPO_PS,38.39696633505461,19999744,0.14446993547107634,38.32066228007075,38.473270398275886
7ky5nmp0,n4_k2_nomob_fpf1.5,MAPPO_PS,105.36308419070419,19999744,0.05510799309737813,105.16537473979494,105.56079364601592
7eb1c3o6,n4_k2_nomob_fpf1.5,MAPPO_PS,104.66340416517114,18003968,0.04810138358873561,104.46203653356294,104.86477181436798
e0rad8k9,n4_k2_nomob_fpf1.5,MAPPO_PS,104.85117160091573,14003200,0.04998169037568334,104.65557593736834,105.04676726369674
auzvcmdl,n4_k2_nomob_fpf1.5,MAPPO_PS,104.52929926900842,16003584,0.046758454526421245,104.33262650447105,104.72597204098489
jbca9nej,n4_k2_nomob_fpf1.5,MAPPO_PS,105.18910259758931,18003968,0.053365738009105934,104.9824143520081,105.39579085505366
fcvm3hnp,n4_k2_nomob_fpf1.5,MAPPO_PS,104.96816830700124,19999744,0.0511532976867739,104.77127310848046,105.16506347732734
0j5vwwz5,n4_k2_nomob_fpf1.5,MAPPO_PS,104.479177962316,16003584,0.04625653877744851,104.28306525217981,104.67529069081336
73wjo9yh,n4_k2_nomob_fpf1.5,MAPPO_PS,105.58478294455975,16003584,0.057328088769875274,105.38842413473547,105.7811417427212
xz6xej5x,n4_k2_nomob_fpf1.5,MAPPO_PS,104.8376711229376,19999744,0.049846496324229994,104.63559541499356,105.03974679669162
eixuuxo5,n4_k2_nomob_fpf1.5,MAPPO_PS,105.76225152896606,14003200,0.05910526265738092,105.56248387596989,105.96201915492153
1l4bs67p,n4_k3_nomob_fpf1.5,MAPPO_PS,233.1833415984136,16003584,0.020764058826884924,232.67168916378222,233.69499405956066
fi4movk2,n4_k3_nomob_fpf1.5,MAPPO_PS,233.01055841786217,19999744,0.02000769750421183,232.51166929543774,233.50944753020008
u7k57vh8,n4_k3_nomob_fpf1.5,MAPPO_PS,233.19409885146146,8002048,0.020811148885753195,232.68189481859324,233.7063028721416
fldfmrug,n4_k3_nomob_fpf1.5,MAPPO_PS,233.179774301669,18003968,0.020748442924483523,232.65937278989296,233.7001758106472
fjxo1eka,n4_k3_nomob_fpf1.5,MAPPO_PS,232.87263228316914,10002432,0.01940392349487463,232.35336850161391,233.39189617375533
d27dd1qw,n4_k3_nomob_fpf1.5,MAPPO_PS,232.77189291359537,14003200,0.018962935184710927,232.25880289032972,233.2849830101677
b4dy2hs0,n4_k3_nomob_fpf1.5,MAPPO_PS,233.23166421512238,4001280,0.020975591906506663,232.7255526384745,233.73777578445336
vzkvq9gb,n4_k3_nomob_fpf1.5,MAPPO_PS,232.6785593557851,4001280,0.01855436594197646,232.1636245615684,233.1934941441048
g2a9k50q,n4_k3_nomob_fpf1.5,MAPPO_PS,233.2557050370157,19999744,0.0210808310147772,232.74323830252962,233.7681717956607
g1sv73t2,n4_k3_nomob_fpf1.5,MAPPO_PS,232.75576246418726,4001280,0.01889232386704287,232.24595206029835,233.26557289300973
25h9bk9f,n4_k4_nomob_fpf1.5,MAPPO_PS,554.7184353031035,12002816,0.0011703129624478503,553.6793862256412,555.7574842679807
dveko7sa,n4_k4_nomob_fpf1.5,MAPPO_PS,555.124662753782,12002816,0.0019034828700019712,554.0861365935456,556.163188956839
aji1acz4,n4_k4_nomob_fpf1.5,MAPPO_PS,554.4614841291026,8002048,0.0007065607758993675,553.431069400626,555.491898856515
qubyq046,n4_k4_nomob_fpf1.5,MAPPO_PS,555.2981840693724,19999744,0.0022166586701541924,554.257571998046,556.3387961585396
xh7qgiss,n4_k4_nomob_fpf1.5,MAPPO_PS,554.7710067290401,12002816,0.0012651952443554215,553.7376725388742,555.8043409323477
sy6dhzol,n4_k4_nomob_fpf1.5,MAPPO_PS,554.6522927608181,16003584,0.0010509371754796604,553.6142714852533,555.6903140542975
9ol1n93p,n4_k4_nomob_fpf1.5,MAPPO_PS,555.1226604627736,14003200,0.0018998690829201692,554.0868105519874,556.1585104010767
sd93xbuo,n4_k4_nomob_fpf1.5,MAPPO_PS,554.0524898926162,4001280,-3.160269890778444e-05,553.0114906843764,555.093489019298
qefb4s1m,n4_k4_nomob_fpf1.5,MAPPO_PS,554.846219585803,19999744,0.0014009413716733476,553.80899787014,555.8834412282181
rs626xul,n4_k4_nomob_fpf1.5,MAPPO_PS,554.7633520053671,12002816,0.0012513797992439457,553.7225870734947,555.8041169224771
